SalePrice,LotArea,Neighborhood,BldgType,OverallQual,OverallCond,YearBuilt,CentralAir,GrLivArea,FullBath,BedroomAbvGr,Fireplaces,GarageType,YrSold
208500,8450,CollgCr,1Fam,7,5,2003,Y,1710,2,3,0,Attchd,2008
181500,9600,Veenker,1Fam,6,8,1976,Y,1262,2,3,1,Attchd,2007
223500,11250,CollgCr,1Fam,7,5,2001,Y,1786,2,3,1,Attchd,2008
140000,9550,Crawfor,1Fam,7,5,1915,Y,1717,1,3,1,Detchd,2006
250000,14260,NoRidge,1Fam,8,5,2000,Y,2198,2,4,1,Attchd,2008
143000,14115,Mitchel,1Fam,5,5,1993,Y,1362,1,1,0,Attchd,2009
307000,10084,Somerst,1Fam,8,5,2004,Y,1694,2,3,1,Attchd,2007
200000,10382,NWAmes,1Fam,7,6,1973,Y,2090,2,3,2,Attchd,2009
129900,6120,OldTown,1Fam,7,5,1931,Y,1774,2,2,2,Detchd,2008
118000,7420,BrkSide,2fmCon,5,6,1939,Y,1077,1,2,2,Attchd,2008
129500,11200,Sawyer,1Fam,5,5,1965,Y,1040,1,3,0,Detchd,2008
345000,11924,NridgHt,1Fam,9,5,2005,Y,2324,3,4,2,BuiltIn,2006
144000,12968,Sawyer,1Fam,5,6,1962,Y,912,1,2,0,Detchd,2008
279500,10652,CollgCr,1Fam,7,5,2006,Y,1494,2,3,1,Attchd,2007
157000,10920,NAmes,1Fam,6,5,1960,Y,1253,1,2,1,Attchd,2008
132000,6120,BrkSide,1Fam,7,8,1929,Y,854,1,2,0,Detchd,2007
149000,11241,NAmes,1Fam,6,7,1970,Y,1004,1,2,1,Attchd,2010
90000,10791,Sawyer,Duplex,4,5,1967,Y,1296,2,2,0,CarPort,2006
159000,13695,SawyerW,1Fam,5,5,2004,Y,1114,1,3,0,Detchd,2008
139000,7560,NAmes,1Fam,5,6,1958,Y,1339,1,3,0,Attchd,2009
325300,14215,NridgHt,1Fam,8,5,2005,Y,2376,3,4,1,BuiltIn,2006
139400,7449,IDOTRR,1Fam,7,7,1930,Y,1108,1,3,1,Attchd,2007
230000,9742,CollgCr,1Fam,8,5,2002,Y,1795,2,3,1,Attchd,2008
129900,4224,MeadowV,TwnhsE,5,7,1976,Y,1060,1,3,1,Attchd,2007
154000,8246,Sawyer,1Fam,5,8,1968,Y,1060,1,3,1,Attchd,2010
256300,14230,NridgHt,1Fam,8,5,2007,Y,1600,2,3,1,Attchd,2009
134800,7200,NAmes,1Fam,5,7,1951,Y,900,1,3,0,Detchd,2010
306000,11478,NridgHt,1Fam,8,5,2007,Y,1704,2,3,1,Attchd,2010
207500,16321,NAmes,1Fam,5,6,1957,Y,1600,1,2,2,Attchd,2006
68500,6324,BrkSide,1Fam,4,6,1927,N,520,1,1,0,Detchd,2008
40000,8500,IDOTRR,1Fam,4,4,1920,N,1317,1,3,0,Detchd,2008
149350,8544,Sawyer,1Fam,5,6,1966,Y,1228,1,3,0,Attchd,2008
179900,11049,CollgCr,1Fam,8,5,2007,Y,1234,2,3,0,Attchd,2008
165500,10552,NAmes,1Fam,5,5,1959,Y,1700,1,4,1,Attchd,2010
277500,7313,NridgHt,TwnhsE,9,5,2005,Y,1561,2,2,1,Attchd,2007
309000,13418,NridgHt,1Fam,8,5,2004,Y,2452,3,4,1,BuiltIn,2006
145000,10859,CollgCr,1Fam,5,5,1994,Y,1097,1,3,0,Attchd,2009
153000,8532,NAmes,1Fam,5,6,1954,Y,1297,1,3,1,Attchd,2009
109000,7922,NAmes,1Fam,5,7,1953,Y,1057,1,3,0,Detchd,2010
82000,6040,Edwards,Duplex,4,5,1955,N,1152,2,2,0,,2008
160000,8658,NAmes,1Fam,6,5,1965,Y,1324,2,3,1,Attchd,2006
170000,16905,Timber,1Fam,5,6,1959,Y,1328,1,2,2,Attchd,2007
144000,9180,SawyerW,1Fam,5,7,1983,Y,884,1,2,0,Attchd,2007
130250,9200,CollgCr,1Fam,5,6,1975,Y,938,1,3,0,Detchd,2008
141000,7945,NAmes,1Fam,5,6,1959,Y,1150,1,3,0,Attchd,2006
319900,7658,NridgHt,TwnhsE,9,5,2005,Y,1752,2,2,1,Attchd,2010
239686,12822,Mitchel,1Fam,7,5,2003,Y,2149,1,1,1,Attchd,2009
249700,11096,Somerst,1Fam,8,5,2006,Y,1656,2,3,0,Attchd,2007
113000,4456,OldTown,2fmCon,4,5,1920,Y,1452,2,2,0,,2009
127000,7742,Sawyer,1Fam,5,7,1966,Y,955,1,3,0,Attchd,2007
177000,13869,Gilbert,1Fam,6,6,1997,Y,1470,2,3,0,Attchd,2007
114500,6240,BrkSide,1Fam,6,6,1934,Y,1176,1,3,1,Detchd,2006
110000,8472,IDOTRR,Duplex,5,5,1963,N,816,1,2,0,CarPort,2010
385000,50271,Veenker,1Fam,9,5,1981,Y,1842,0,0,1,Attchd,2006
130000,7134,NAmes,1Fam,5,5,1955,Y,1360,1,3,1,Detchd,2007
180500,10175,NAmes,1Fam,6,5,1964,Y,1425,2,3,1,Attchd,2008
172500,2645,Somerst,Twnhs,8,5,1999,Y,1739,2,3,0,Attchd,2009
196500,11645,CollgCr,1Fam,7,5,2004,Y,1720,2,3,0,Attchd,2006
438780,13682,StoneBr,1Fam,10,5,2006,Y,2945,3,3,1,BuiltIn,2006
124900,7200,CollgCr,1Fam,5,7,1972,Y,780,1,2,0,Detchd,2008
158000,13072,SawyerW,1Fam,6,5,2004,Y,1158,1,3,0,Detchd,2006
101000,7200,IDOTRR,1Fam,5,7,1920,N,1111,1,3,0,Detchd,2007
202500,6442,NridgHt,TwnhsE,8,5,2006,Y,1370,2,2,1,Attchd,2007
140000,10300,OldTown,1Fam,7,6,1921,Y,1710,2,3,0,Detchd,2010
219500,9375,CollgCr,1Fam,7,5,1997,Y,2034,2,3,0,Attchd,2009
317000,9591,NridgHt,1Fam,8,5,2004,Y,2473,2,4,1,BuiltIn,2007
180000,19900,NAmes,1Fam,7,5,1970,Y,2207,2,3,1,Attchd,2010
226000,10665,CollgCr,1Fam,7,5,2003,Y,1479,2,3,0,Attchd,2007
80000,4608,OldTown,1Fam,4,6,1945,Y,747,1,2,0,Attchd,2010
225000,15593,ClearCr,1Fam,7,4,1953,Y,2287,2,3,1,Attchd,2006
244000,13651,NAmes,1Fam,7,6,1973,Y,2223,2,3,2,Attchd,2007
129500,7599,Mitchel,1Fam,4,6,1982,Y,845,1,2,0,Detchd,2007
185000,10141,Gilbert,1Fam,7,5,1998,Y,1718,2,3,1,Attchd,2009
144900,10200,NAmes,1Fam,5,7,1954,Y,1086,1,3,0,Attchd,2010
107400,5790,OldTown,1Fam,3,6,1915,N,1605,2,3,0,Detchd,2010
91000,1596,MeadowV,Twnhs,4,5,1973,Y,988,1,2,0,BuiltIn,2009
135750,8475,NAmes,1Fam,4,7,1956,Y,952,1,2,0,Detchd,2008
127000,8635,BrkSide,1Fam,5,5,1948,Y,1285,1,2,0,Detchd,2008
136500,10778,Sawyer,Duplex,4,5,1968,N,1768,2,4,0,,2010
110000,10440,OldTown,1Fam,5,6,1910,Y,1230,1,2,0,Detchd,2009
193500,13000,NAmes,1Fam,6,6,1968,Y,2142,2,4,1,Attchd,2009
153500,4500,Mitchel,TwnhsE,6,5,1998,Y,1337,2,2,0,Attchd,2006
245000,10206,Somerst,1Fam,8,5,2007,Y,1563,2,3,1,Attchd,2008
126500,8892,NAmes,1Fam,5,5,1960,Y,1065,1,3,0,Detchd,2007
168500,8530,Gilbert,1Fam,7,5,1995,Y,1474,2,3,1,BuiltIn,2009
260000,16059,NoRidge,1Fam,8,5,1991,Y,2417,2,4,1,Attchd,2006
174000,11911,Gilbert,1Fam,6,5,2005,Y,1560,2,3,1,BuiltIn,2009
164500,3951,Somerst,TwnhsE,6,5,2009,Y,1224,2,2,0,Detchd,2009
85000,8470,IDOTRR,1Fam,3,2,1915,N,1526,1,2,0,,2009
123600,8070,CollgCr,1Fam,4,5,1994,Y,990,1,3,0,,2007
109900,7200,NAmes,1Fam,4,5,1950,Y,1040,1,2,0,Detchd,2006
98600,8500,NAmes,1Fam,5,3,1961,Y,1235,1,2,0,Attchd,2006
163500,13360,Crawfor,1Fam,5,7,1921,Y,964,1,2,0,Detchd,2009
133900,7200,OldTown,2fmCon,6,6,1910,N,2291,2,4,1,Detchd,2007
204750,9337,CollgCr,1Fam,6,5,1997,Y,1786,2,3,0,Attchd,2007
185000,9765,Gilbert,1Fam,6,8,1993,Y,1470,2,3,1,BuiltIn,2009
214000,10264,CollgCr,1Fam,7,5,1999,Y,1588,2,3,0,Attchd,2006
94750,10921,Edwards,1Fam,4,5,1965,Y,960,1,3,0,Attchd,2007
83000,10625,Edwards,1Fam,5,5,1920,N,835,1,2,0,Basment,2010
128950,9320,NAmes,1Fam,4,5,1959,Y,1225,1,3,0,,2010
205000,10603,NWAmes,1Fam,6,7,1977,Y,1610,2,3,2,Attchd,2010
178000,9206,SawyerW,1Fam,6,5,1985,Y,1732,2,3,1,Attchd,2010
118964,7018,SawyerW,Duplex,5,5,1979,Y,1535,2,4,0,Attchd,2009
198900,10402,CollgCr,1Fam,7,5,2009,Y,1226,2,3,0,Attchd,2010
169500,7758,IDOTRR,1Fam,7,4,1931,Y,1818,1,4,2,Detchd,2007
250000,9375,Somerst,1Fam,8,5,2003,Y,1992,2,3,1,Attchd,2008
100000,10800,OldTown,1Fam,4,7,1885,Y,1047,1,2,0,Detchd,2007
115000,6000,OldTown,1Fam,5,5,1948,Y,789,1,2,0,Detchd,2008
115000,8500,IDOTRR,1Fam,5,7,1919,N,1517,2,3,0,,2007
190000,11751,NWAmes,1Fam,6,6,1977,Y,1844,2,3,1,Attchd,2010
136900,9525,Edwards,1Fam,6,4,1954,Y,1855,2,4,0,Attchd,2006
180000,7750,Gilbert,1Fam,7,5,2000,Y,1430,2,3,1,BuiltIn,2010
383970,9965,CollgCr,1Fam,7,5,2007,Y,2696,2,4,1,BuiltIn,2007
217000,21000,Crawfor,1Fam,6,5,1953,Y,2259,2,3,2,Basment,2007
259500,7259,Crawfor,1Fam,6,8,1945,Y,2320,2,3,1,Detchd,2007
176000,3230,Somerst,TwnhsE,6,5,1999,Y,1458,2,2,1,Detchd,2007
139000,11616,Sawyer,1Fam,5,5,1962,Y,1092,1,3,1,Attchd,2009
155000,8536,Edwards,1Fam,5,5,2006,Y,1125,1,2,0,Attchd,2007
320000,12376,SawyerW,1Fam,7,5,1990,Y,3222,3,5,2,Attchd,2010
163990,8461,CollgCr,1Fam,6,5,2005,Y,1456,2,3,1,Attchd,2006
180000,21453,ClearCr,1Fam,6,5,1969,Y,988,1,1,2,Attchd,2006
100000,6060,IDOTRR,1Fam,4,5,1939,Y,1123,1,3,0,Detchd,2007
136000,9464,NAmes,1Fam,6,7,1958,Y,1080,1,3,0,Attchd,2008
153900,7892,SawyerW,TwnhsE,6,5,1993,Y,1199,2,2,0,Attchd,2008
181000,17043,NWAmes,1Fam,6,5,1979,Y,1586,2,3,1,Attchd,2009
84500,6780,IDOTRR,2fmCon,6,8,1935,N,754,1,2,0,,2006
128000,4928,NPkVill,TwnhsE,6,5,1976,Y,958,2,2,1,Attchd,2007
87000,4388,OldTown,1Fam,5,7,1930,Y,840,1,3,1,,2007
155000,7590,NAmes,1Fam,6,5,1966,Y,1348,1,3,1,Attchd,2006
150000,8973,NAmes,1Fam,5,7,1958,Y,1053,1,3,0,2Types,2006
226000,14200,NAmes,1Fam,7,6,1966,Y,2157,2,4,2,Attchd,2006
244000,12224,Gilbert,1Fam,6,5,2000,Y,2054,2,3,1,BuiltIn,2009
150750,7388,NAmes,1Fam,5,6,1959,Y,1327,1,3,0,Detchd,2007
220000,6853,Timber,1Fam,8,5,2001,Y,1296,2,2,0,Attchd,2009
180000,10335,Sawyer,1Fam,5,6,1968,Y,1721,2,3,1,Attchd,2006
174000,10400,NWAmes,1Fam,7,6,1970,Y,1682,2,3,1,Attchd,2008
143000,10355,NAmes,1Fam,5,5,1967,Y,1214,2,3,1,Attchd,2007
171000,11070,Mitchel,Duplex,7,5,1988,Y,1959,3,5,0,2Types,2006
230000,9066,CollgCr,1Fam,8,5,1999,Y,1852,2,3,2,Attchd,2008
231500,15426,CollgCr,1Fam,6,5,1997,Y,1764,2,3,0,Attchd,2009
115000,10500,NAmes,1Fam,4,5,1971,Y,864,1,3,1,,2010
260000,11645,CollgCr,1Fam,7,5,2005,Y,1734,2,3,0,Attchd,2006
166000,8520,NAmes,1Fam,5,4,1952,Y,1385,2,4,0,Detchd,2010
204000,10335,CollgCr,1Fam,7,5,1999,Y,1501,2,3,0,Attchd,2009
125000,9100,Sawyer,Duplex,5,5,1963,Y,1728,2,6,0,Detchd,2006
130000,2522,Edwards,Twnhs,6,5,2004,Y,1709,2,3,0,Detchd,2006
105000,6120,BrkSide,1Fam,5,7,1931,Y,875,1,2,0,Detchd,2009
222500,9505,Gilbert,1Fam,7,5,2001,Y,2035,2,3,1,BuiltIn,2010
141000,7500,SawyerW,1Fam,7,5,2004,Y,1080,1,3,0,,2008
115000,6240,BrkSide,1Fam,5,4,1936,Y,1344,1,3,0,Detchd,2006
122000,10356,CollgCr,1Fam,5,6,1975,Y,969,1,3,0,Attchd,2007
372402,13891,NridgHt,1Fam,8,5,2007,Y,1710,2,2,1,Attchd,2008
190000,14803,NWAmes,1Fam,6,5,1971,Y,1993,2,4,1,Attchd,2006
235000,13500,ClearCr,1Fam,6,7,1960,Y,1252,1,1,1,Attchd,2008
125000,11340,OldTown,1Fam,6,5,1923,Y,1200,1,4,0,Detchd,2006
79000,9600,Edwards,1Fam,6,5,1924,N,1096,1,2,0,,2008
109500,7200,NAmes,1Fam,5,7,1950,Y,1040,1,2,0,Detchd,2006
269500,12003,Timber,1Fam,8,5,2009,Y,1968,2,4,1,BuiltIn,2010
254900,12552,Somerst,1Fam,7,5,2004,Y,1947,2,3,1,Attchd,2010
320000,19378,Gilbert,1Fam,7,5,2005,Y,2462,2,4,1,Attchd,2006
162500,11120,Veenker,1Fam,6,6,1984,Y,1232,2,3,0,Attchd,2008
412500,13688,NridgHt,1Fam,9,5,2003,Y,2668,2,3,2,BuiltIn,2008
220000,12182,NridgHt,1Fam,7,5,2005,Y,1541,2,3,1,Attchd,2010
103200,5500,OldTown,1Fam,4,6,1956,Y,882,1,1,0,,2007
152000,5400,OldTown,1Fam,6,7,1926,Y,1616,2,3,0,Detchd,2007
127500,10106,Edwards,2fmCon,5,7,1940,Y,1355,2,4,0,,2008
190000,10708,ClearCr,1Fam,5,5,1955,Y,1867,1,2,3,Attchd,2009
325624,10562,NridgHt,1Fam,8,5,2007,Y,2161,1,3,1,Attchd,2007
183500,8244,Gilbert,1Fam,7,5,2004,Y,1720,2,3,1,Attchd,2007
228000,16669,Timber,1Fam,8,6,1981,Y,1707,2,2,1,Attchd,2006
128500,12358,OldTown,1Fam,5,6,1941,Y,1382,1,2,0,Detchd,2007
215000,31770,NAmes,1Fam,6,5,1960,Y,1656,1,3,2,Attchd,2010
239000,5306,StoneBr,TwnhsE,7,7,1987,Y,1767,2,2,1,Attchd,2006
163000,10197,NAmes,1Fam,6,5,1961,Y,1362,1,3,1,Attchd,2008
184000,12416,Timber,1Fam,6,5,1986,Y,1651,2,3,1,Attchd,2008
243000,12615,Edwards,1Fam,6,7,1950,Y,2158,2,4,1,Attchd,2007
211000,10029,ClearCr,1Fam,6,5,1988,Y,2060,2,4,1,Attchd,2007
172500,13650,Sawyer,1Fam,5,5,1958,Y,1920,2,4,1,Attchd,2006
501837,17423,StoneBr,1Fam,9,5,2008,Y,2234,2,1,1,Attchd,2009
100000,8520,OldTown,1Fam,5,6,1923,Y,968,1,2,0,Detchd,2007
177000,2117,Somerst,Twnhs,6,5,2000,Y,1525,2,3,1,Detchd,2007
200100,7588,Crawfor,1Fam,7,6,1920,Y,1802,1,4,1,Detchd,2006
120000,9060,Edwards,1Fam,5,6,1957,Y,1340,1,3,1,Attchd,2007
200000,11426,OldTown,1Fam,7,5,2003,Y,2082,2,3,0,Detchd,2008
127000,7438,BrkSide,1Fam,5,8,1908,Y,1252,1,3,0,Attchd,2006
475000,22950,OldTown,1Fam,10,9,1892,Y,3608,2,4,2,Detchd,2006
173000,9947,Mitchel,1Fam,7,5,1990,Y,1217,2,3,0,Attchd,2009
135000,10410,OldTown,1Fam,5,7,1916,Y,1656,2,3,0,Detchd,2009
153337,7018,SawyerW,Duplex,5,5,1979,Y,1224,0,2,2,Detchd,2009
286000,4923,StoneBr,TwnhsE,8,5,2001,Y,1593,1,0,1,Attchd,2008
315000,10570,Crawfor,1Fam,8,8,1932,Y,2727,2,3,2,Detchd,2007
184000,7472,NAmes,1Fam,7,9,1972,Y,1479,1,4,0,Attchd,2007
192000,9017,CollgCr,1Fam,7,5,1999,Y,1431,2,3,0,Attchd,2009
130000,2522,Edwards,Twnhs,7,5,2004,Y,1709,2,3,0,Detchd,2006
127000,7180,CollgCr,1Fam,5,7,1972,Y,864,1,3,0,Detchd,2008
148500,2280,NPkVill,Twnhs,6,6,1976,Y,1456,2,3,1,Attchd,2009
311872,9416,Somerst,1Fam,7,5,2007,Y,1726,2,3,1,Attchd,2007
235000,25419,NAmes,1Fam,8,4,1918,Y,3112,2,4,1,Detchd,2006
104000,5520,OldTown,1Fam,6,6,1912,Y,2229,1,5,0,,2009
274900,9591,NridgHt,1Fam,8,5,2004,Y,1713,2,3,1,Attchd,2009
140000,8546,Edwards,1Fam,4,5,2003,Y,1121,2,2,0,Attchd,2010
171500,10125,Mitchel,1Fam,6,6,1977,Y,1279,2,3,2,Detchd,2008
112000,7000,OldTown,1Fam,6,6,1924,Y,1310,2,2,0,Attchd,2006
149000,4438,CollgCr,TwnhsE,6,5,2004,Y,848,1,1,1,Attchd,2008
110000,3500,OldTown,1Fam,5,7,1947,Y,1284,1,2,0,Detchd,2009
180500,11851,Gilbert,1Fam,7,5,1990,Y,1442,2,3,0,Attchd,2009
143900,13673,Sawyer,1Fam,5,5,1962,Y,1696,1,3,1,Attchd,2007
141000,12493,NAmes,1Fam,4,5,1960,Y,1100,1,3,1,Attchd,2008
277000,14364,SawyerW,1Fam,7,5,1988,Y,2062,2,3,1,Attchd,2007
145000,8250,NAmes,1Fam,6,7,1964,Y,1092,1,3,0,Attchd,2008
98000,5604,Edwards,1Fam,5,6,1925,N,864,1,2,0,,2008
186000,10420,Edwards,1Fam,6,5,2009,Y,1212,2,3,0,Attchd,2010
252678,8640,Somerst,1Fam,7,5,2009,Y,1852,2,3,1,Attchd,2009
156000,13568,CollgCr,1Fam,5,5,1995,Y,990,1,3,0,Attchd,2006
161750,10900,CollgCr,1Fam,6,7,1977,Y,1392,1,3,0,Attchd,2010
134450,10011,NAmes,1Fam,5,6,1957,Y,1236,1,2,1,Attchd,2006
210000,8450,CollgCr,1Fam,7,5,2004,Y,1436,2,3,0,Attchd,2008
107000,9906,OldTown,1Fam,4,4,1925,N,1328,1,3,0,Detchd,2006
311500,15660,Crawfor,1Fam,7,9,1939,Y,1954,1,3,2,Attchd,2008
167240,3010,Blmngtn,TwnhsE,7,5,2005,Y,1248,2,2,0,Attchd,2006
204900,8990,CollgCr,1Fam,7,5,2006,Y,1498,2,2,0,Attchd,2006
200000,8068,Gilbert,1Fam,6,5,2002,Y,2267,2,4,1,BuiltIn,2009
179900,11475,NWAmes,1Fam,6,6,1975,Y,1552,2,3,1,Attchd,2006
97000,10500,NAmes,1Fam,4,6,1971,Y,864,1,2,0,Detchd,2009
386250,13472,NridgHt,1Fam,10,5,2003,Y,2392,2,3,1,Attchd,2009
112000,1680,BrDale,Twnhs,5,5,1971,Y,1302,2,3,0,Detchd,2009
290000,9950,NoRidge,1Fam,7,5,1995,Y,2520,2,4,1,Attchd,2007
106000,1869,BrDale,Twnhs,6,6,1970,Y,987,1,2,0,Detchd,2008
125000,8521,Sawyer,1Fam,5,5,1967,Y,912,1,3,1,Detchd,2010
192500,3182,Blmngtn,TwnhsE,7,5,2005,Y,1555,2,2,1,Attchd,2009
148000,8760,NAmes,1Fam,6,6,1959,Y,1194,1,3,0,Attchd,2010
403000,15138,NoRidge,1Fam,8,5,1995,Y,2794,2,4,1,Attchd,2009
94500,1680,BrDale,Twnhs,6,5,1972,Y,987,1,2,1,Attchd,2006
128200,10650,CollgCr,1Fam,5,6,1976,Y,894,1,3,0,Attchd,2010
216500,7851,Gilbert,1Fam,6,5,2002,Y,1960,2,4,2,BuiltIn,2010
89500,1680,BrDale,TwnhsE,6,3,1971,Y,987,1,2,0,Detchd,2008
185500,8773,CollgCr,1Fam,7,5,2004,Y,1414,2,3,0,Attchd,2010
194500,9453,SawyerW,1Fam,7,7,1993,Y,1744,2,3,0,Attchd,2010
318000,12030,NridgHt,1Fam,8,5,2007,Y,1694,2,3,0,Attchd,2007
113000,8741,Edwards,1Fam,6,4,1945,Y,1487,1,3,1,Detchd,2010
262500,9000,Somerst,1Fam,8,5,2008,Y,1566,2,3,0,Attchd,2010
110500,3880,OldTown,1Fam,5,9,1945,Y,866,1,2,0,,2007
79000,5000,OldTown,1Fam,5,4,1900,N,1440,1,3,0,Attchd,2006
120000,10762,SawyerW,TwnhsE,6,6,1980,Y,1217,1,3,1,Attchd,2009
205000,8880,SawyerW,1Fam,7,5,1994,Y,2110,2,3,2,Attchd,2010
241500,10400,NWAmes,1Fam,7,5,1988,Y,1872,2,3,1,Attchd,2006
137000,9142,OldTown,2fmCon,6,8,1910,N,1928,2,4,0,Detchd,2006
140000,11310,NAmes,1Fam,6,5,1954,Y,1375,1,2,1,Attchd,2006
180000,11317,CollgCr,1Fam,7,5,2003,Y,1668,2,3,0,Attchd,2007
277000,159000,ClearCr,1Fam,6,7,1958,Y,2144,2,4,2,Attchd,2007
76500,5350,BrkSide,1Fam,3,2,1940,Y,1306,1,3,0,,2010
235000,4750,Crawfor,TwnhsE,8,5,2006,Y,1625,2,2,1,Attchd,2007
173000,8366,SawyerW,1Fam,6,5,2004,Y,1640,2,3,0,Attchd,2008
158000,9350,NAmes,1Fam,6,7,1964,Y,1302,2,3,0,Attchd,2007
145000,8400,NAmes,1Fam,5,6,1957,Y,1314,1,3,0,Attchd,2010
230000,8738,Gilbert,1Fam,7,5,1999,Y,2291,2,4,1,BuiltIn,2006
207500,8791,Somerst,1Fam,6,5,2003,Y,1728,2,3,0,Attchd,2008
220000,8814,CollgCr,1Fam,7,5,2006,Y,1604,2,3,1,Attchd,2009
231500,12435,CollgCr,1Fam,7,5,2001,Y,1792,2,3,1,Attchd,2008
97000,12702,OldTown,1Fam,5,5,1956,Y,882,1,2,0,Detchd,2008
176000,19296,NAmes,1Fam,6,5,1962,Y,1382,1,3,1,Attchd,2009
276000,9588,CollgCr,1Fam,8,5,2007,Y,2574,2,3,1,BuiltIn,2007
151000,8471,Sawyer,1Fam,6,7,1977,Y,1212,1,3,1,Attchd,2006
130000,5500,OldTown,1Fam,5,7,1929,Y,1316,1,3,0,Detchd,2010
73000,5232,OldTown,1Fam,5,5,1925,N,764,1,2,0,Detchd,2008
175500,12090,NWAmes,1Fam,6,6,1981,Y,1422,2,3,1,Attchd,2008
185000,11207,Gilbert,1Fam,6,5,1997,Y,1511,2,3,1,Attchd,2006
179500,8400,SWISU,1Fam,5,8,1939,Y,2192,2,4,1,Detchd,2008
120500,6900,IDOTRR,1Fam,5,6,1940,Y,778,1,2,1,Detchd,2008
148000,7917,Edwards,1Fam,6,7,1976,Y,1113,1,3,1,Attchd,2007
266000,10728,Somerst,1Fam,8,5,2006,Y,1939,2,3,1,Attchd,2006
241500,39104,ClearCr,1Fam,7,7,1954,Y,1363,1,2,2,Attchd,2008
290000,11764,NoRidge,1Fam,8,7,1999,Y,2270,2,4,1,Attchd,2010
139000,9600,NAmes,1Fam,6,6,1958,Y,1632,2,3,1,Attchd,2009
124500,8314,Mitchel,1Fam,5,7,1982,Y,816,1,2,0,Attchd,2007
205000,7264,BrkSide,1Fam,7,7,1925,N,1548,2,3,0,Detchd,2009
201000,9196,Mitchel,1Fam,7,5,2003,Y,1560,2,3,0,Attchd,2010
141000,19138,Gilbert,1Fam,4,5,1951,Y,864,1,2,0,Detchd,2010
415298,14450,NridgHt,1Fam,9,5,2006,Y,2121,2,3,1,Attchd,2007
192000,10005,ClearCr,1Fam,7,5,1977,Y,2022,2,4,1,Attchd,2008
228500,11287,SawyerW,1Fam,7,6,1989,Y,1982,2,3,1,Attchd,2007
185000,7200,Somerst,1Fam,6,5,2006,Y,1262,2,2,0,Attchd,2006
207500,5063,NridgHt,Twnhs,7,5,2007,Y,1314,2,2,1,Attchd,2009
244600,9612,Somerst,1Fam,8,5,2008,Y,1468,2,3,1,Attchd,2009
179200,8012,SawyerW,TwnhsE,6,5,1992,Y,1575,2,2,0,Attchd,2007
164700,4251,Somerst,TwnhsE,7,5,2006,Y,1250,2,2,0,Detchd,2007
159000,9786,NAmes,1Fam,6,7,1962,Y,1734,1,3,1,Attchd,2006
88000,8125,NAmes,1Fam,4,4,1971,Y,858,1,3,0,,2006
122000,9819,Sawyer,1Fam,5,5,1967,Y,900,1,3,0,Detchd,2010
153575,8730,BrkSide,1Fam,6,7,1915,Y,1396,1,3,0,Detchd,2007
233230,15611,CollgCr,1Fam,8,5,2006,Y,1919,2,3,1,Attchd,2006
135900,5687,SWISU,2fmCon,5,6,1912,N,1716,2,6,0,,2008
131000,11409,Edwards,1Fam,5,4,1949,Y,1716,1,3,1,Attchd,2009
235000,16659,NWAmes,1Fam,7,7,1977,Y,2263,2,3,1,Attchd,2006
167000,9600,NAmes,1Fam,6,5,1953,Y,1644,1,3,2,Attchd,2009
142500,7937,Mitchel,1Fam,6,6,1984,Y,1003,1,3,0,Detchd,2006
152000,13710,IDOTRR,1Fam,5,5,1950,Y,1558,1,4,0,Attchd,2007
239000,7399,Somerst,1Fam,7,5,1997,Y,1950,2,3,1,Detchd,2007
175000,11700,NWAmes,1Fam,6,6,1968,Y,1743,1,3,1,Attchd,2007
158500,14000,Crawfor,1Fam,6,8,1950,Y,1152,1,3,1,Attchd,2009
157000,15750,Crawfor,2fmCon,5,5,1953,Y,1336,1,2,2,Attchd,2006
267000,16226,CollgCr,1Fam,8,5,1998,Y,2452,2,4,1,BuiltIn,2007
205000,13704,CollgCr,1Fam,7,5,2001,Y,1541,2,3,1,Attchd,2006
149900,9800,CollgCr,1Fam,5,7,1972,Y,894,1,3,0,Attchd,2006
295000,18386,OldTown,1Fam,7,9,1880,Y,3493,3,3,1,Attchd,2008
305900,10386,CollgCr,1Fam,8,5,2004,Y,2000,2,3,0,Attchd,2007
225000,13474,SawyerW,1Fam,7,5,1990,Y,2243,2,4,1,Attchd,2007
89500,7920,IDOTRR,1Fam,6,7,1920,Y,1406,1,3,0,,2008
82500,12342,Edwards,1Fam,4,5,1940,Y,861,1,1,0,Detchd,2009
360000,12378,NridgHt,1Fam,9,5,2003,Y,1944,2,3,3,Attchd,2006
165600,7685,Gilbert,1Fam,6,5,1993,Y,1501,2,3,1,Attchd,2006
132000,8000,NAmes,1Fam,6,6,1948,Y,972,1,2,1,Detchd,2009
119900,7800,OldTown,2fmCon,5,7,1939,Y,1118,1,3,1,Detchd,2006
375000,215245,Timber,1Fam,7,5,1965,Y,2036,2,3,2,Attchd,2009
178000,9600,OldTown,1Fam,7,7,1925,Y,1641,1,3,1,Detchd,2006
188500,7795,Gilbert,1Fam,7,5,2004,Y,1432,2,3,1,Attchd,2009
260000,13005,NWAmes,1Fam,7,7,1980,Y,2353,2,4,1,Attchd,2009
270000,9000,Somerst,1Fam,8,5,2006,Y,1959,2,3,1,Attchd,2007
260000,9900,NoRidge,1Fam,7,5,1993,Y,2646,2,4,1,Attchd,2009
187500,14115,NWAmes,1Fam,7,5,1980,Y,1472,2,3,2,Attchd,2009
342643,16259,NridgHt,1Fam,9,5,2006,Y,2596,3,4,0,Attchd,2006
354000,12099,NridgHt,1Fam,8,5,2004,Y,2468,2,4,1,BuiltIn,2007
301000,10380,SawyerW,1Fam,7,5,1986,Y,2730,2,4,1,Attchd,2007
126175,5820,OldTown,1Fam,3,8,1955,Y,1163,1,3,0,Attchd,2006
242000,11275,NAmes,1Fam,7,7,1967,Y,2978,2,5,1,BuiltIn,2010
87000,5000,IDOTRR,1Fam,5,6,1941,N,803,1,2,0,Detchd,2007
324000,10846,Veenker,TwnhsE,8,5,1993,Y,1719,1,1,2,Attchd,2008
145250,11600,NAmes,1Fam,6,5,1960,Y,1383,1,3,0,Attchd,2006
214500,11888,BrkSide,1Fam,6,6,1916,N,2134,2,5,0,Detchd,2009
78000,6402,IDOTRR,1Fam,5,5,1920,N,1192,1,3,0,Detchd,2009
119000,10624,NAmes,Duplex,5,4,1964,Y,1728,2,6,0,Detchd,2007
139000,8176,NAmes,1Fam,5,6,1958,Y,1056,1,3,0,Attchd,2007
284000,10655,NridgHt,1Fam,8,5,2003,Y,1629,2,3,1,Attchd,2009
207000,8198,NridgHt,TwnhsE,7,5,2004,Y,1358,2,2,1,Attchd,2008
192000,9042,Gilbert,1Fam,6,5,1998,Y,1638,2,3,2,Attchd,2008
228950,164660,Timber,2fmCon,5,6,1965,Y,1786,2,3,2,Attchd,2008
377426,14157,StoneBr,1Fam,9,5,2005,Y,1922,2,3,1,Attchd,2007
214000,9135,CollgCr,1Fam,7,5,2002,Y,1536,2,3,0,Attchd,2008
202500,14145,NWAmes,1Fam,7,7,1984,Y,1621,2,3,0,Attchd,2006
155000,12400,NAmes,1Fam,6,7,1958,Y,1215,1,3,0,Attchd,2009
202900,14191,Timber,1Fam,8,5,2002,Y,1908,2,4,0,Attchd,2010
82000,8400,SawyerW,1Fam,4,4,1950,Y,841,1,2,0,CarPort,2009
87500,8544,NAmes,Duplex,3,4,1949,N,1040,2,2,0,Detchd,2006
266000,8849,NridgHt,TwnhsE,9,5,2005,Y,1684,2,2,1,Attchd,2008
85000,2592,MeadowV,TwnhsE,5,3,1976,Y,1112,1,3,0,Attchd,2010
140200,6435,BrkSide,1Fam,6,5,1939,Y,1577,1,3,1,Detchd,2006
151500,12772,NAmes,1Fam,6,8,1960,Y,958,1,2,0,Attchd,2007
157500,17600,NAmes,1Fam,6,5,1960,Y,1478,2,3,2,Attchd,2009
154000,2448,NridgHt,Twnhs,7,5,2003,Y,1626,2,2,0,BuiltIn,2008
437154,20431,NridgHt,1Fam,9,5,2005,Y,2728,2,4,2,Attchd,2006
318061,7820,NridgHt,TwnhsE,9,5,2007,Y,1869,2,2,1,Attchd,2007
190000,5271,ClearCr,1Fam,7,5,1986,Y,1453,1,2,1,Attchd,2006
95000,9084,Edwards,1Fam,5,6,1941,N,1111,1,3,0,Detchd,2008
105900,8520,OldTown,1Fam,6,8,1928,Y,720,1,2,0,Detchd,2010
140000,8400,SWISU,1Fam,6,5,1940,Y,1595,1,2,2,Attchd,2006
177500,11249,CollgCr,1Fam,6,5,1995,Y,1200,2,3,0,Attchd,2007
173000,9248,Gilbert,1Fam,6,6,1992,Y,1167,2,3,0,Attchd,2009
134000,4224,MeadowV,TwnhsE,5,5,1976,Y,1142,1,3,1,Attchd,2007
130000,6930,ClearCr,1Fam,5,4,1958,Y,1352,1,3,0,BuiltIn,2006
280000,12011,NoRidge,1Fam,8,5,1998,Y,1924,2,3,1,Attchd,2006
156000,7540,Mitchel,1Fam,6,6,1978,Y,912,1,2,1,Attchd,2007
145000,9144,BrkSide,1Fam,5,5,1940,Y,1505,1,3,0,Detchd,2008
198500,7301,Edwards,1Fam,7,5,2003,Y,1922,3,4,1,BuiltIn,2009
118000,1680,BrDale,Twnhs,6,8,1972,Y,987,1,2,0,Detchd,2009
190000,18800,NWAmes,1Fam,6,5,1976,Y,1574,2,3,1,Attchd,2006
147000,10690,IDOTRR,1Fam,5,7,1920,Y,1344,1,3,0,Detchd,2009
159000,9500,NAmes,1Fam,6,5,1963,Y,1394,1,3,2,Attchd,2009
165000,9150,NAmes,1Fam,6,5,1962,Y,1431,1,3,1,Basment,2008
132000,7800,NAmes,1Fam,5,6,1954,Y,1268,1,2,1,Attchd,2010
162000,9830,NAmes,1Fam,5,7,1959,Y,1287,1,3,1,Detchd,2010
172400,8121,Gilbert,1Fam,6,5,2000,Y,1664,2,3,1,Attchd,2006
134432,17120,ClearCr,1Fam,4,4,1959,Y,1588,2,4,1,Detchd,2008
125000,7175,SawyerW,TwnhsE,6,5,1984,Y,752,1,2,0,Attchd,2010
123000,10634,NAmes,1Fam,5,6,1953,Y,1319,1,3,0,Attchd,2009
219500,8200,CollgCr,1Fam,7,5,2003,Y,1928,2,4,1,BuiltIn,2007
61000,10020,Edwards,1Fam,1,1,1922,N,904,0,1,0,,2009
148000,8846,CollgCr,1Fam,5,5,1996,Y,914,1,2,0,Detchd,2006
340000,11143,Somerst,1Fam,8,5,2004,Y,2466,3,4,1,Attchd,2007
394432,11394,StoneBr,1Fam,9,2,2010,Y,1856,1,1,1,Attchd,2010
179000,8123,Gilbert,1Fam,6,5,2000,Y,1800,2,3,1,Attchd,2009
127000,5000,SWISU,1Fam,5,6,1924,Y,1691,2,3,1,Detchd,2010
187750,7200,Somerst,1Fam,7,5,2006,Y,1301,2,2,1,Attchd,2006
213500,9245,CollgCr,1Fam,7,5,2006,Y,1797,2,3,0,Attchd,2007
76000,9000,SawyerW,1Fam,6,3,1928,N,784,1,2,0,Detchd,2009
240000,53107,ClearCr,1Fam,6,5,1992,Y,1953,2,3,2,Attchd,2007
192000,3182,Blmngtn,TwnhsE,8,5,2004,Y,1269,2,2,1,Attchd,2010
81000,8410,Edwards,1Fam,5,3,1910,Y,1184,1,5,0,,2006
125000,7200,Edwards,1Fam,6,6,1976,Y,1125,1,3,1,Detchd,2009
191000,9382,CollgCr,1Fam,7,5,1999,Y,1479,2,3,0,Attchd,2008
426000,12474,NridgHt,1Fam,10,5,2007,Y,2332,2,3,1,BuiltIn,2008
119000,8405,Edwards,1Fam,5,8,1900,Y,1367,1,4,0,Detchd,2008
215000,12209,Mitchel,1Fam,6,5,2001,Y,1961,2,3,1,BuiltIn,2009
106500,8339,NAmes,1Fam,5,7,1959,Y,882,1,3,0,Attchd,2007
100000,7446,BrkSide,1Fam,4,5,1941,Y,788,1,2,2,,2006
109000,10134,OldTown,1Fam,5,6,1940,Y,1034,1,2,0,Detchd,2007
129000,9571,Edwards,1Fam,5,6,1956,Y,1144,1,3,0,Attchd,2010
123000,7200,CollgCr,1Fam,5,5,1972,Y,894,1,2,0,Detchd,2009
169500,7590,NAmes,1Fam,5,5,1962,Y,1812,2,4,1,Attchd,2007
67000,8967,IDOTRR,1Fam,5,2,1920,Y,1077,1,2,0,Detchd,2007
241000,8125,Somerst,1Fam,7,5,2006,Y,1550,2,2,0,Attchd,2009
245500,14963,Veenker,TwnhsE,8,5,1996,Y,1288,1,1,2,Attchd,2008
164990,8767,CollgCr,1Fam,7,5,2005,Y,1310,2,3,1,Attchd,2006
108000,10200,Sawyer,1Fam,5,8,1940,Y,672,1,2,0,Detchd,2008
258000,12090,NoRidge,1Fam,8,5,1998,Y,2263,2,4,1,BuiltIn,2006
168000,10364,Gilbert,1Fam,6,5,1995,Y,1572,2,3,1,BuiltIn,2007
150000,9991,Sawyer,1Fam,4,4,1976,Y,1620,2,3,1,Attchd,2009
115000,10480,SWISU,1Fam,6,5,1936,Y,1639,1,3,0,Detchd,2008
177000,15576,Crawfor,1Fam,6,7,1915,Y,1680,2,4,0,Attchd,2008
280000,14154,NridgHt,1Fam,7,5,2006,Y,2172,2,3,1,Attchd,2007
339750,10800,Somerst,1Fam,8,5,2007,Y,2078,2,3,1,Attchd,2008
60000,9571,Edwards,1Fam,5,3,1958,Y,1276,1,3,0,Attchd,2009
145000,34650,Gilbert,2fmCon,5,5,1955,N,1056,1,3,0,Attchd,2006
222000,4403,Somerst,1Fam,7,5,2009,Y,1478,2,2,1,Attchd,2010
115000,8960,OldTown,1Fam,5,6,1927,Y,1028,1,2,1,Detchd,2010
228000,11228,SawyerW,1Fam,7,5,1993,Y,2097,2,3,1,Attchd,2008
181134,8899,Gilbert,1Fam,7,5,2007,Y,1340,2,3,0,Attchd,2007
149500,7844,Sawyer,1Fam,6,7,1978,Y,1400,1,3,1,Attchd,2006
239000,22420,Crawfor,1Fam,6,6,1918,N,2624,2,4,1,Detchd,2007
126000,8160,Edwards,1Fam,5,6,1940,N,1134,1,3,0,Detchd,2007
142000,8450,NAmes,1Fam,5,6,1968,Y,1056,1,3,1,Attchd,2010
206300,7060,Mitchel,Duplex,7,5,1997,Y,1344,2,2,0,Attchd,2008
215000,16635,NWAmes,1Fam,6,7,1977,Y,1602,2,3,1,Attchd,2009
113000,21750,Mitchel,1Fam,5,5,1954,Y,988,1,2,0,Attchd,2008
315000,9200,NoRidge,1Fam,8,5,1998,Y,2630,2,4,1,Attchd,2008
139000,9000,NAmes,1Fam,6,5,1956,Y,1196,1,2,1,Attchd,2008
135000,3378,OldTown,1Fam,7,8,1946,Y,1389,1,3,2,Detchd,2009
275000,12800,SawyerW,1Fam,7,5,1989,Y,1644,2,2,1,Attchd,2009
109008,8593,NAmes,1Fam,4,6,1957,Y,907,1,3,0,Detchd,2008
195400,6762,CollgCr,1Fam,7,5,2007,Y,1208,2,2,0,Attchd,2007
175000,11457,Timber,1Fam,6,5,1988,Y,1412,2,3,1,Attchd,2009
85400,1680,BrDale,Twnhs,6,5,1971,Y,987,1,2,0,Detchd,2008
79900,5586,OldTown,1Fam,6,7,1920,Y,1198,1,4,0,,2008
122500,1920,BrDale,TwnhsE,5,5,1971,Y,1365,1,2,0,Detchd,2007
181000,10839,Gilbert,1Fam,6,5,1997,Y,1604,2,3,1,Attchd,2008
81000,1890,MeadowV,Twnhs,4,7,1972,Y,630,1,1,0,,2008
212000,10667,CollgCr,1Fam,7,6,1996,Y,1661,2,3,1,Attchd,2009
116000,4400,OldTown,1Fam,6,8,1920,Y,1118,1,2,0,Detchd,2006
119000,6000,BrkSide,1Fam,6,7,1926,Y,904,1,2,0,Detchd,2009
90350,4280,Crawfor,1Fam,5,6,1913,N,694,1,2,1,Detchd,2007
110000,12354,Edwards,1Fam,6,8,1920,Y,1196,1,3,0,Detchd,2009
555000,15431,NridgHt,1Fam,10,5,2008,Y,2402,2,2,2,Attchd,2009
118000,12108,Edwards,Duplex,4,4,1955,N,1440,2,4,0,,2008
162900,6240,BrkSide,1Fam,5,7,1930,Y,1573,2,3,1,Detchd,2008
172500,3922,Blmngtn,TwnhsE,7,5,2006,Y,1258,2,2,1,Attchd,2007
210000,8750,CollgCr,1Fam,7,5,1994,Y,1908,2,4,1,Attchd,2008
127500,9855,Edwards,1Fam,6,5,1956,Y,1689,1,3,1,Attchd,2009
190000,16492,NAmes,1Fam,6,6,1966,Y,1888,2,2,1,Attchd,2010
199900,11214,Gilbert,1Fam,7,5,1998,Y,1886,2,4,1,Attchd,2006
119500,8600,IDOTRR,1Fam,6,6,1937,Y,1376,2,3,1,Detchd,2006
120000,6000,OldTown,1Fam,3,7,1948,Y,1183,1,2,0,Detchd,2007
110000,5684,OldTown,1Fam,6,8,1930,Y,813,1,2,0,Detchd,2006
280000,70761,ClearCr,1Fam,7,5,1975,Y,1533,2,2,2,Attchd,2006
204000,9303,Timber,1Fam,6,5,1996,Y,1756,2,3,0,Attchd,2007
210000,9000,Somerst,1Fam,8,5,2008,Y,1590,2,3,0,Attchd,2009
188000,9297,Mitchel,Duplex,5,5,1976,Y,1728,2,4,0,Detchd,2006
175500,9600,NWAmes,1Fam,7,6,1973,Y,1242,1,3,1,Attchd,2007
98000,4571,OldTown,1Fam,5,5,1916,N,1344,1,4,0,Detchd,2008
256000,53227,ClearCr,1Fam,4,6,1954,Y,1663,1,2,2,Attchd,2008
161000,5100,OldTown,1Fam,8,7,1925,Y,1666,1,3,1,Detchd,2008
110000,7015,BrkSide,1Fam,5,4,1950,Y,1203,1,3,1,Detchd,2009
263435,8004,Somerst,1Fam,8,5,2009,Y,1935,2,3,0,BuiltIn,2009
155000,7200,SWISU,1Fam,7,9,1936,Y,1135,1,3,0,Detchd,2009
62383,8281,Sawyer,1Fam,5,5,1965,Y,864,1,3,1,Detchd,2009
188700,11988,Crawfor,1Fam,6,7,1934,Y,1660,1,3,1,Detchd,2008
124000,8430,CollgCr,1Fam,5,5,1978,Y,1040,2,3,0,,2009
178740,3072,Blmngtn,TwnhsE,7,5,2004,Y,1414,2,2,1,Attchd,2006
167000,10628,NAmes,1Fam,7,5,1970,Y,1277,1,2,1,Attchd,2007
146500,9480,NAmes,1Fam,5,7,1942,Y,1644,1,3,2,Attchd,2007
250000,11428,NridgHt,1Fam,8,5,2006,Y,1634,2,3,1,Attchd,2007
187000,9291,SawyerW,1Fam,6,5,1993,Y,1710,2,3,0,Attchd,2008
212000,6820,StoneBr,TwnhsE,8,5,1985,Y,1502,1,1,0,Attchd,2010
190000,11952,NWAmes,1Fam,7,6,1977,Y,1969,2,3,1,Attchd,2007
148000,3675,Edwards,TwnhsE,6,5,2005,Y,1072,1,2,0,Basment,2008
440000,14977,NridgHt,1Fam,8,5,2006,Y,1976,2,2,1,Attchd,2007
251000,5330,StoneBr,TwnhsE,8,5,2000,Y,1652,2,2,0,Attchd,2007
132500,8480,Sawyer,1Fam,5,6,1963,Y,970,1,2,0,Detchd,2007
208900,13125,CollgCr,1Fam,6,5,1997,Y,1493,2,3,1,Attchd,2008
380000,13693,NridgHt,1Fam,9,5,2006,Y,2643,2,3,1,BuiltIn,2007
297000,10637,CollgCr,1Fam,8,5,2007,Y,1718,2,3,1,Attchd,2009
89471,5925,OldTown,1Fam,4,7,1937,Y,1131,1,2,0,Detchd,2007
326000,16033,NridgHt,1Fam,9,5,2004,Y,1850,2,3,1,Attchd,2006
374000,11846,NridgHt,1Fam,9,5,2003,Y,1792,2,2,1,Attchd,2006
155000,2500,OldTown,1Fam,7,8,1915,Y,1826,1,4,1,Attchd,2009
164000,4500,Mitchel,Twnhs,6,5,1998,Y,1216,2,2,0,Attchd,2006
132500,7758,Sawyer,1Fam,5,7,1962,Y,999,1,3,0,Detchd,2007
147000,9600,NAmes,1Fam,5,7,1950,Y,1113,1,3,1,Attchd,2009
156000,10289,NAmes,1Fam,5,7,1965,Y,1073,1,3,0,Attchd,2007
175000,12243,NWAmes,1Fam,5,6,1971,Y,1484,2,3,1,Attchd,2007
160000,10800,OldTown,2fmCon,5,4,1900,N,2414,2,3,1,Attchd,2006
86000,1526,MeadowV,Twnhs,4,8,1970,Y,630,1,1,0,Attchd,2009
115000,2665,MeadowV,TwnhsE,5,6,1976,Y,1304,1,3,1,BuiltIn,2008
133000,9490,NAmes,1Fam,6,7,1941,Y,1578,1,3,2,Attchd,2006
172785,15578,Gilbert,1Fam,6,5,2006,Y,1456,2,3,0,Attchd,2006
155000,7931,NAmes,1Fam,5,6,1960,Y,1269,1,3,1,Detchd,2008
91300,5784,OldTown,1Fam,5,8,1938,Y,886,1,2,0,Attchd,2009
34900,7879,IDOTRR,1Fam,4,5,1920,N,720,1,2,0,,2009
430000,12692,NoRidge,1Fam,8,5,1992,Y,3228,3,4,1,Attchd,2007
184000,9120,BrkSide,1Fam,7,6,1925,Y,1820,2,4,0,Detchd,2008
130000,7800,Sawyer,1Fam,5,7,1967,Y,899,1,3,0,Attchd,2009
120000,7535,NAmes,1Fam,5,7,1958,Y,912,1,2,0,Attchd,2007
113000,1890,BrDale,Twnhs,6,5,1973,Y,1218,1,3,0,Detchd,2007
226700,9803,Somerst,1Fam,7,5,2005,Y,1768,2,3,0,Attchd,2008
140000,9170,Edwards,1Fam,5,7,1965,Y,1214,1,2,0,Detchd,2007
289000,15602,Crawfor,1Fam,7,8,1959,Y,1801,2,1,2,Attchd,2010
147000,2308,NPkVill,TwnhsE,6,5,1974,Y,1322,2,3,1,Attchd,2009
124500,7596,OldTown,Duplex,5,5,1952,Y,1960,2,4,0,Detchd,2009
215000,9554,SawyerW,1Fam,8,5,1993,Y,1911,2,3,1,Attchd,2006
208300,7862,Somerst,1Fam,6,5,2009,Y,1218,2,2,0,Attchd,2009
161000,9600,OldTown,1Fam,7,9,1928,Y,1378,2,3,1,Detchd,2008
124500,9600,NAmes,1Fam,5,6,1959,Y,1041,1,3,0,Attchd,2009
164900,14559,NAmes,1Fam,5,7,1951,Y,1363,1,2,2,CarPort,2009
202665,6792,NridgHt,TwnhsE,7,5,2005,Y,1368,2,2,1,Attchd,2006
129900,9100,NAmes,1Fam,5,5,1958,Y,864,1,3,0,Detchd,2006
134000,9187,Mitchel,1Fam,6,5,1983,Y,1080,1,3,0,Attchd,2007
96500,10594,Crawfor,1Fam,5,5,1926,N,789,1,2,0,Detchd,2007
402861,12220,NridgHt,1Fam,10,5,2009,Y,2020,2,3,1,Attchd,2009
158000,10448,NWAmes,1Fam,6,6,1972,Y,2119,2,3,1,Attchd,2009
265000,10208,NoRidge,1Fam,7,5,1996,Y,2344,2,3,1,Attchd,2009
211000,9531,CollgCr,1Fam,6,5,1998,Y,1796,2,3,0,Attchd,2007
234000,10918,Crawfor,1Fam,7,9,1926,Y,2080,1,3,2,Detchd,2009
106250,10800,OldTown,2fmCon,4,7,1900,N,1294,2,3,0,,2008
150000,11988,NAmes,1Fam,6,6,1957,Y,1244,1,3,2,Attchd,2007
159000,5000,BrkSide,1Fam,6,7,1947,Y,1664,2,3,2,Detchd,2006
184750,40094,Edwards,1Fam,10,5,2007,Y,4676,3,3,1,BuiltIn,2007
315750,11787,NoRidge,1Fam,7,5,1996,Y,2398,2,3,1,Attchd,2007
176000,7500,Somerst,1Fam,7,5,2005,Y,1266,2,3,1,Attchd,2006
132000,13300,NAmes,1Fam,5,7,1956,Y,928,1,2,0,Attchd,2007
446261,14948,NridgHt,1Fam,9,5,2008,Y,2713,2,3,1,Attchd,2008
86000,9098,Edwards,1Fam,4,7,1920,Y,605,1,2,0,,2007
200624,32668,Crawfor,1Fam,6,3,1957,Y,2515,3,4,2,Attchd,2007
175000,10200,Timber,1Fam,6,5,1988,Y,1509,2,3,1,Attchd,2008
128000,6155,BrkSide,1Fam,6,8,1920,Y,1362,2,3,0,Detchd,2008
107500,7200,NAmes,1Fam,5,7,1955,Y,827,1,2,1,Detchd,2010
39300,5000,BrkSide,1Fam,1,3,1946,N,334,1,1,0,,2007
178000,9056,Gilbert,1Fam,8,5,2004,Y,1414,2,3,1,Attchd,2006
107500,7000,Edwards,2fmCon,5,7,1910,Y,1347,1,3,0,,2008
188000,8924,CollgCr,1Fam,7,5,1998,Y,1724,2,3,0,Attchd,2008
111250,12735,NAmes,1Fam,4,5,1972,Y,864,1,3,0,Detchd,2008
158000,11553,Sawyer,1Fam,5,5,1968,Y,1159,1,3,1,Attchd,2006
272000,11423,CollgCr,1Fam,8,5,2001,Y,1601,2,3,1,Attchd,2010
315000,14601,Timber,1Fam,9,5,2006,Y,1838,2,2,1,Attchd,2009
248000,11000,NoRidge,1Fam,8,5,2000,Y,2285,2,4,1,BuiltIn,2007
213250,10140,NWAmes,1Fam,7,5,1998,Y,1680,2,3,1,Attchd,2009
133000,4058,NAmes,TwnhsE,7,5,1998,Y,767,1,1,0,Attchd,2007
179665,17104,Gilbert,1Fam,7,5,2006,Y,1496,2,3,1,Attchd,2006
229000,13837,NWAmes,1Fam,7,5,1988,Y,2183,2,4,0,Attchd,2006
210000,8737,BrkSide,1Fam,6,7,1923,Y,1635,1,3,1,Detchd,2007
129500,7244,Mitchel,1Fam,5,7,1970,Y,768,1,2,0,Detchd,2007
125000,8235,OldTown,1Fam,5,7,1955,Y,825,1,2,0,Detchd,2008
263000,9375,Somerst,1Fam,7,5,2003,Y,2094,2,4,1,BuiltIn,2009
140000,4043,NPkVill,TwnhsE,6,6,1977,Y,1069,2,2,0,Attchd,2008
112500,6000,OldTown,1Fam,5,6,1957,Y,928,1,3,0,Attchd,2008
255500,11146,NridgHt,1Fam,8,5,2006,Y,1717,2,3,1,Attchd,2009
108000,8777,Edwards,1Fam,4,5,1949,Y,1126,2,2,0,Detchd,2009
284000,10625,NridgHt,1Fam,7,5,2003,Y,2046,2,3,1,BuiltIn,2008
113000,6380,BrkSide,1Fam,5,6,1922,Y,1048,1,2,1,Detchd,2006
141000,14850,NAmes,1Fam,5,5,1957,Y,1092,1,2,1,Attchd,2006
108000,11040,IDOTRR,1Fam,4,6,1920,Y,1336,1,3,0,CarPort,2006
175000,21872,Gilbert,1Fam,7,5,1996,Y,1446,2,3,1,Attchd,2008
234000,3196,Blmngtn,TwnhsE,7,5,2003,Y,1557,2,2,1,Attchd,2006
121500,11341,Sawyer,1Fam,5,6,1957,Y,1392,1,3,1,Detchd,2010
170000,10010,Mitchel,1Fam,5,5,1974,Y,1389,1,2,1,Attchd,2006
108000,13907,Edwards,1Fam,5,6,1940,Y,996,1,3,1,,2008
185000,21780,Edwards,1Fam,6,7,1918,Y,1674,2,4,1,Detchd,2008
268000,13346,NoRidge,1Fam,7,5,1992,Y,2295,2,4,1,Attchd,2006
128000,6858,SWISU,1Fam,6,4,1915,N,1647,1,4,0,Detchd,2010
325000,11198,StoneBr,1Fam,9,5,2005,Y,2504,2,4,1,BuiltIn,2008
214000,10171,NridgHt,1Fam,7,5,2004,Y,1535,2,3,0,Attchd,2010
316600,12327,SawyerW,1Fam,8,8,1983,Y,2132,1,1,1,BuiltIn,2009
135960,7032,NAmes,Duplex,5,5,1979,Y,943,1,2,2,Detchd,2006
142600,13101,NAmes,Duplex,5,5,1965,Y,1728,2,6,0,Detchd,2008
120000,7332,NAmes,1Fam,6,6,1959,Y,864,1,2,0,Attchd,2006
224500,13159,Timber,1Fam,7,5,2009,Y,1692,2,3,0,Attchd,2009
170000,9967,Gilbert,1Fam,7,5,2000,Y,1430,2,3,1,BuiltIn,2007
139000,10500,NAmes,1Fam,5,7,1971,Y,1109,1,3,0,BuiltIn,2007
118500,8480,NAmes,1Fam,5,5,1947,Y,1216,1,2,0,Detchd,2008
145000,6292,SWISU,1Fam,7,7,1928,Y,1477,2,3,1,Detchd,2009
164500,11777,Sawyer,1Fam,5,6,1966,Y,1320,1,3,2,Attchd,2006
146000,3604,Somerst,TwnhsE,7,5,2007,Y,1392,2,2,0,Detchd,2008
131500,12150,OldTown,1Fam,5,5,1954,N,1795,2,4,0,Attchd,2008
181900,14585,NAmes,1Fam,6,6,1960,Y,1429,1,3,2,Attchd,2007
253293,12704,NridgHt,1Fam,8,5,2008,Y,2042,2,3,1,Attchd,2009
118500,11841,Edwards,Duplex,6,5,1990,Y,816,1,3,0,,2007
325000,13500,OldTown,1Fam,10,9,1893,Y,2775,3,3,1,Detchd,2008
133000,6120,BrkSide,1Fam,4,7,1935,Y,1573,1,3,0,Detchd,2009
369900,11443,Timber,1Fam,8,5,2005,Y,2028,2,2,2,Attchd,2006
130000,10267,BrkSide,1Fam,6,7,1918,Y,838,1,2,0,Detchd,2008
137000,8740,Sawyer,1Fam,5,6,1982,Y,860,1,2,0,Detchd,2009
143000,25095,ClearCr,1Fam,5,8,1968,Y,1473,1,1,2,Attchd,2009
79500,9100,BrkSide,1Fam,5,6,1930,Y,935,1,2,0,Detchd,2008
185900,8320,CollgCr,1Fam,7,5,2004,Y,1582,2,3,0,Attchd,2008
451950,13478,NridgHt,1Fam,10,5,2008,Y,2296,2,3,1,BuiltIn,2009
138000,6600,Mitchel,1Fam,5,8,1982,Y,816,1,2,0,Detchd,2008
140000,4435,CollgCr,TwnhsE,6,5,2003,Y,848,1,1,0,Attchd,2009
110000,7990,CollgCr,1Fam,5,6,1975,Y,924,1,3,0,Detchd,2008
319000,11302,StoneBr,1Fam,8,5,2005,Y,1826,2,3,1,Attchd,2006
114504,3600,OldTown,1Fam,6,7,1910,N,1368,1,3,0,Detchd,2006
194201,3922,Blmngtn,TwnhsE,7,5,2006,Y,1402,0,2,1,Attchd,2007
217500,12984,Crawfor,1Fam,5,6,1977,Y,1647,2,3,1,Attchd,2006
151000,1950,Blueste,Twnhs,6,6,1980,Y,1556,2,3,1,Attchd,2008
275000,10927,NridgHt,1Fam,8,5,2005,Y,1904,2,3,1,BuiltIn,2006
141000,9000,IDOTRR,1Fam,6,6,1937,Y,1375,1,3,1,Detchd,2007
220000,10041,SawyerW,1Fam,8,5,1992,Y,1915,2,3,1,Attchd,2006
151000,3182,Somerst,TwnhsE,7,5,2004,Y,1200,2,2,0,Detchd,2010
221000,12803,CollgCr,1Fam,7,5,2002,Y,1494,2,3,1,Attchd,2008
205000,13600,NAmes,1Fam,7,6,1965,Y,1986,2,3,3,Attchd,2009
152000,12464,CollgCr,1Fam,5,5,1996,Y,1040,1,3,0,Detchd,2009
225000,7800,Edwards,1Fam,5,8,1948,Y,2008,3,3,0,Attchd,2006
359100,12168,Crawfor,1Fam,8,6,1934,Y,3194,2,4,2,Basment,2007
118500,7943,Sawyer,1Fam,4,5,1961,Y,1029,1,3,0,Attchd,2007
313000,11050,CollgCr,1Fam,9,5,2000,Y,2153,2,3,2,Attchd,2009
148000,10395,NWAmes,1Fam,6,6,1978,Y,1032,2,3,1,Attchd,2007
261500,11885,CollgCr,1Fam,8,5,2001,Y,1872,2,3,1,BuiltIn,2009
147000,8402,Mitchel,1Fam,5,5,2007,Y,1120,1,3,0,,2007
75500,1491,MeadowV,TwnhsE,4,6,1972,Y,630,1,1,0,,2010
137500,8800,NAmes,1Fam,6,7,1963,Y,1054,1,3,0,Attchd,2010
183200,7861,Gilbert,1Fam,6,5,2002,Y,1509,2,3,1,Attchd,2006
105500,7227,NAmes,1Fam,6,6,1954,Y,832,1,2,0,Detchd,2008
314813,11694,NridgHt,1Fam,9,5,2007,Y,1828,2,3,1,Attchd,2007
305000,12244,Timber,1Fam,8,5,2003,Y,2262,2,4,2,Attchd,2008
67000,8248,Edwards,1Fam,3,3,1914,N,864,1,2,0,,2008
240000,10800,NWAmes,1Fam,6,7,1974,Y,2614,2,4,1,Attchd,2008
135000,7064,Sawyer,1Fam,5,6,1977,Y,980,1,3,0,Detchd,2009
168500,2117,Somerst,TwnhsE,6,5,2000,Y,1512,2,2,1,Detchd,2007
165150,10400,NWAmes,1Fam,6,5,1972,Y,1790,1,4,1,Attchd,2006
160000,10000,NAmes,1Fam,6,6,1962,Y,1116,1,3,0,Attchd,2010
139900,12342,NAmes,1Fam,5,5,1960,Y,1422,1,3,1,Attchd,2007
153000,9600,NAmes,1Fam,6,6,1955,Y,1520,1,3,2,Basment,2010
135000,11606,NAmes,1Fam,5,5,1969,Y,2080,1,5,2,Attchd,2007
168500,9020,NAmes,1Fam,6,5,1964,Y,1350,1,3,0,Attchd,2008
124000,9000,OldTown,1Fam,5,6,1880,Y,1750,1,3,0,Detchd,2006
209500,4590,NridgHt,Twnhs,8,5,2006,Y,1554,2,2,1,Attchd,2007
82500,11900,NWAmes,1Fam,7,5,1977,Y,1411,2,3,1,Attchd,2009
139400,9250,NAmes,1Fam,5,7,1954,Y,1056,1,3,0,Attchd,2007
144000,6979,OldTown,Duplex,6,5,1980,Y,1056,0,0,0,Detchd,2010
200000,10896,SWISU,2fmCon,6,7,1914,Y,3395,2,8,0,,2007
60000,6120,BrkSide,1Fam,2,3,1936,N,800,1,1,1,,2009
93000,6000,OldTown,2fmCon,5,4,1954,Y,1387,2,3,0,BuiltIn,2009
85000,8777,Edwards,1Fam,5,7,1910,Y,796,1,2,0,,2008
264561,3982,Blmngtn,TwnhsE,8,5,2006,Y,1567,2,1,1,Attchd,2006
274000,12677,NridgHt,TwnhsE,8,5,2003,Y,1518,1,1,1,Attchd,2008
226000,7050,Somerst,1Fam,7,5,2001,Y,1929,2,3,1,Attchd,2007
345000,13860,NAmes,1Fam,8,7,1972,Y,2704,2,4,3,Attchd,2009
152000,10793,NWAmes,1Fam,5,5,1969,Y,1620,2,4,0,Attchd,2007
370878,9187,Somerst,1Fam,9,5,2009,Y,1766,2,2,1,Attchd,2009
143250,10530,NAmes,1Fam,6,5,1971,Y,981,1,3,0,Detchd,2007
98300,7200,NAmes,1Fam,5,5,1950,Y,1048,1,3,0,Detchd,2008
155000,10452,Edwards,1Fam,6,5,1953,Y,1094,1,3,2,Attchd,2008
155000,7700,NAmes,1Fam,6,5,1966,Y,1839,1,4,1,Attchd,2010
84500,1936,MeadowV,Twnhs,4,6,1970,Y,630,1,1,0,,2007
205950,8125,Somerst,1Fam,7,6,2007,Y,1665,2,3,0,Attchd,2008
108000,9084,Edwards,1Fam,4,5,1940,Y,1510,1,4,1,Detchd,2009
191000,8750,CollgCr,1Fam,7,5,1996,Y,1716,2,2,1,Attchd,2009
135000,10320,IDOTRR,1Fam,6,7,1906,Y,1469,1,3,0,Detchd,2008
350000,10437,NoRidge,1Fam,8,6,1995,Y,2113,2,2,1,Attchd,2008
88000,1680,BrDale,Twnhs,6,5,1971,Y,1092,1,3,0,Detchd,2010
145500,10007,NAmes,1Fam,5,7,1959,Y,1053,1,3,0,Attchd,2008
149000,7200,Crawfor,1Fam,7,6,1931,Y,1502,1,3,1,Attchd,2008
97500,17503,NAmes,1Fam,6,5,1948,Y,1458,1,3,1,Attchd,2010
167000,9937,Edwards,1Fam,5,7,1964,Y,1486,1,3,0,Detchd,2009
197900,12384,NWAmes,1Fam,7,7,1976,Y,1935,2,3,1,Attchd,2007
402000,46589,NoRidge,1Fam,8,7,1994,Y,2448,2,4,1,Attchd,2009
110000,13560,NAmes,1Fam,6,3,1968,Y,1392,1,2,2,Attchd,2009
137500,10012,Edwards,1Fam,4,5,1972,Y,1181,2,3,0,Detchd,2008
423000,20896,Somerst,1Fam,8,5,2005,Y,2097,1,1,1,Attchd,2006
230500,11194,Gilbert,1Fam,8,5,2000,Y,1936,2,3,1,Attchd,2006
129000,18450,NAmes,1Fam,6,5,1965,Y,2380,2,3,1,CarPort,2007
193500,8125,SawyerW,1Fam,6,5,1994,Y,1679,2,3,1,Attchd,2008
168000,14175,Sawyer,1Fam,5,6,1956,Y,1437,1,3,1,Detchd,2006
137500,11600,Crawfor,1Fam,4,5,1922,Y,1180,1,2,1,Detchd,2006
173500,8633,CollgCr,1Fam,6,5,2005,Y,1476,2,3,0,Attchd,2009
103600,6629,Edwards,1Fam,6,6,1925,N,1369,2,3,0,Detchd,2009
165000,11250,Veenker,1Fam,6,6,1977,Y,1208,1,3,1,Attchd,2006
257500,14442,Crawfor,1Fam,6,7,1957,Y,1839,2,3,2,Attchd,2007
140000,9200,NAmes,1Fam,6,6,1965,Y,1136,1,3,1,Attchd,2008
148500,2289,NPkVill,Twnhs,6,6,1978,Y,1441,2,3,1,Attchd,2009
87000,9600,OldTown,1Fam,4,2,1900,N,1774,2,4,0,2Types,2006
109500,9022,OldTown,1Fam,5,8,1924,Y,792,1,2,0,Detchd,2009
372500,11844,StoneBr,1Fam,8,5,2008,Y,2046,2,3,1,Attchd,2009
128500,9945,Sawyer,1Fam,5,5,1961,Y,988,1,3,0,Detchd,2007
143000,8012,SawyerW,TwnhsE,6,5,1980,Y,923,2,2,1,Attchd,2010
159434,4500,SWISU,1Fam,5,5,1932,Y,1520,1,3,0,Detchd,2009
173000,2887,ClearCr,1Fam,6,5,1996,Y,1291,1,2,1,Attchd,2008
285000,11248,CollgCr,1Fam,9,5,2002,Y,1668,2,3,1,Attchd,2007
221000,16770,NoRidge,1Fam,7,5,1998,Y,1839,2,4,0,Attchd,2010
207500,5062,StoneBr,TwnhsE,7,5,1984,Y,2090,2,3,1,Attchd,2007
227875,10207,Somerst,1Fam,7,6,2007,Y,1761,3,3,0,Attchd,2007
148800,5105,Somerst,TwnhsE,7,5,2004,Y,1102,2,2,0,Detchd,2007
392000,8089,StoneBr,1Fam,8,6,2007,Y,1419,2,2,1,Attchd,2007
194700,7577,NridgHt,TwnhsE,6,5,2005,Y,1362,2,2,1,Attchd,2007
141000,4426,CollgCr,TwnhsE,6,5,2004,Y,848,1,1,1,Attchd,2008
755000,21535,NoRidge,1Fam,10,6,1994,Y,4316,3,4,2,Attchd,2007
335000,26178,Timber,1Fam,7,5,1989,Y,2519,2,4,2,Attchd,2006
108480,5400,OldTown,1Fam,5,6,1921,Y,1073,1,2,0,Detchd,2006
141500,6120,BrkSide,1Fam,5,6,1936,Y,1539,1,3,0,Detchd,2009
176000,13811,Timber,1Fam,6,6,1987,Y,1137,2,2,1,Attchd,2006
89000,6000,BrkSide,1Fam,5,7,1921,Y,616,1,2,0,Detchd,2006
123500,6420,Edwards,1Fam,5,7,1952,Y,1148,1,2,0,Detchd,2006
138500,8450,Sawyer,1Fam,5,8,1965,Y,894,1,3,1,Detchd,2010
196000,4282,Somerst,TwnhsE,7,5,2004,Y,1391,2,2,0,Attchd,2008
312500,14331,Timber,1Fam,8,5,2002,Y,1800,2,3,1,Attchd,2006
140000,9600,NWAmes,1Fam,7,5,1969,Y,1164,1,3,0,Attchd,2006
361919,12438,StoneBr,1Fam,8,5,2006,Y,2576,2,4,1,BuiltIn,2006
140000,7630,OldTown,2fmCon,5,9,1900,Y,1812,2,4,1,Detchd,2010
213000,8400,CollgCr,1Fam,7,5,2004,Y,1484,2,3,0,Attchd,2010
55000,5600,IDOTRR,2fmCon,4,5,1930,N,1092,2,3,0,,2010
302000,115149,ClearCr,1Fam,7,5,1971,Y,1824,2,2,2,Attchd,2007
254000,6240,NridgHt,TwnhsE,8,5,2006,Y,1324,2,2,1,Attchd,2009
179540,9018,Gilbert,1Fam,7,5,2007,Y,1456,2,3,1,Attchd,2007
109900,7162,Sawyer,1Fam,5,7,1966,Y,904,1,3,0,Attchd,2008
52000,4130,BrkSide,1Fam,3,6,1935,Y,729,1,2,0,,2008
102776,8712,IDOTRR,1Fam,4,7,1900,Y,1178,1,2,0,Detchd,2010
189000,4671,StoneBr,TwnhsE,8,5,1988,Y,1228,2,2,1,Attchd,2008
129000,9873,BrkSide,2fmCon,4,5,1970,N,960,1,3,0,Detchd,2006
130500,13517,Sawyer,1Fam,6,8,1976,Y,1479,2,3,0,Attchd,2010
165000,10140,NWAmes,1Fam,6,5,1974,Y,1350,2,3,1,Attchd,2009
159500,10800,OldTown,1Fam,7,8,1890,Y,2554,1,3,0,Detchd,2007
157000,10000,NWAmes,1Fam,5,6,1973,Y,1178,1,3,1,Attchd,2008
341000,10542,NoRidge,1Fam,7,5,1993,Y,2418,2,3,1,Attchd,2008
128500,9920,CollgCr,1Fam,5,6,1969,Y,971,1,3,1,Attchd,2006
275000,6563,StoneBr,1Fam,8,5,1985,Y,1742,2,2,1,Attchd,2006
143000,4426,CollgCr,TwnhsE,6,5,2004,Y,848,1,1,0,Attchd,2010
124500,8120,NAmes,1Fam,4,7,1970,Y,864,1,3,0,Detchd,2009
135000,8172,Edwards,1Fam,4,6,1954,Y,1470,2,4,0,Detchd,2008
320000,13286,Edwards,1Fam,9,5,2007,Y,1698,2,3,1,Attchd,2009
120500,6960,NAmes,1Fam,4,6,1970,Y,864,1,3,0,Detchd,2009
222000,21695,Crawfor,1Fam,6,9,1988,Y,1680,2,3,1,Attchd,2009
194500,7314,CollgCr,1Fam,7,5,2007,Y,1232,2,2,0,Attchd,2009
110000,11475,NAmes,Duplex,5,5,1958,Y,1776,2,4,0,Detchd,2009
103000,6240,IDOTRR,1Fam,4,5,1925,Y,1208,1,2,0,Detchd,2009
236500,5389,StoneBr,TwnhsE,8,5,1995,Y,1616,2,2,1,Attchd,2010
187500,9590,Timber,1Fam,7,5,2003,Y,1146,2,3,1,Attchd,2007
222500,11404,CollgCr,1Fam,7,5,1998,Y,2031,2,3,1,Attchd,2008
131400,10000,Sawyer,1Fam,5,6,1961,Y,1144,1,3,1,Attchd,2009
108000,8978,Sawyer,1Fam,5,5,1968,Y,948,1,3,0,Attchd,2007
163000,10800,OldTown,1Fam,7,7,1914,N,1768,1,2,2,Detchd,2006
93500,8544,NAmes,Duplex,3,4,1950,N,1040,2,2,0,Detchd,2006
239900,10463,Gilbert,1Fam,8,5,2005,Y,1801,2,3,1,Attchd,2006
179000,10800,Edwards,Duplex,5,5,1987,Y,1200,3,3,0,,2009
190000,9313,CollgCr,1Fam,7,5,2004,Y,1728,2,3,0,Attchd,2009
132000,9600,OldTown,1Fam,5,7,1910,Y,1432,2,2,0,Detchd,2007
142000,6768,Sawyer,1Fam,6,8,1961,Y,912,1,3,0,Detchd,2008
179000,8450,SawyerW,1Fam,7,5,2000,Y,1349,2,3,0,Attchd,2007
175000,12886,Sawyer,1Fam,5,6,1963,Y,1464,2,3,1,Attchd,2009
180000,5395,StoneBr,TwnhsE,8,5,1993,Y,1337,2,2,1,Attchd,2008
299800,8963,NWAmes,1Fam,8,9,1976,Y,2715,3,4,2,BuiltIn,2008
236000,8795,Gilbert,1Fam,7,5,2000,Y,2256,2,4,1,BuiltIn,2009
265979,11700,OldTown,1Fam,7,7,1880,N,2640,1,4,1,Detchd,2009
260400,10593,NoRidge,1Fam,7,5,1996,Y,1720,2,3,1,Attchd,2010
98000,8405,Edwards,1Fam,4,3,1945,N,1529,2,4,0,Detchd,2009
96500,8800,OldTown,1Fam,4,7,1910,Y,1140,1,3,0,,2010
162000,7750,Gilbert,1Fam,7,5,2003,Y,1320,2,3,0,Attchd,2007
217000,9236,CollgCr,1Fam,6,5,1997,Y,1494,2,3,0,Attchd,2006
275500,10240,NridgHt,1Fam,8,5,2005,Y,2098,2,3,1,Attchd,2006
156000,7930,NAmes,1Fam,6,8,1969,Y,1026,1,3,0,Detchd,2009
172500,3230,Somerst,TwnhsE,6,5,1999,Y,1471,2,3,0,Detchd,2009
212000,10769,CollgCr,1Fam,8,5,2007,Y,1768,2,3,0,Attchd,2009
158900,11616,Sawyer,1Fam,6,5,1978,Y,1386,2,3,1,Attchd,2010
179400,2280,Somerst,Twnhs,7,5,1999,Y,1501,2,3,0,Detchd,2008
290000,12257,NoRidge,1Fam,8,5,1995,Y,2531,2,4,1,Attchd,2007
127500,9100,NAmes,1Fam,6,6,1959,Y,864,1,2,0,Detchd,2009
100000,6911,BrkSide,1Fam,5,5,1924,Y,1301,1,2,0,Detchd,2009
215200,8640,Somerst,1Fam,7,5,2009,Y,1547,2,3,0,Attchd,2010
337000,9430,NoRidge,1Fam,8,5,1999,Y,2365,2,3,1,Attchd,2009
270000,9549,Veenker,TwnhsE,8,5,1995,Y,1494,1,2,1,Attchd,2006
264132,14587,Somerst,1Fam,9,5,2008,Y,1506,2,2,1,Attchd,2008
196500,10421,NWAmes,1Fam,7,5,1988,Y,1714,2,3,1,Attchd,2010
160000,12508,Mitchel,1Fam,6,7,1940,Y,1750,2,4,0,Attchd,2008
216837,9100,CollgCr,1Fam,7,5,2004,Y,1836,2,3,1,Attchd,2006
538000,53504,StoneBr,1Fam,8,5,2003,Y,3279,3,4,1,BuiltIn,2010
134900,7252,Sawyer,1Fam,5,5,1982,Y,858,1,2,0,Detchd,2009
102000,8877,Edwards,1Fam,4,5,1951,Y,1220,1,2,0,Detchd,2006
107000,7819,Edwards,1Fam,6,5,1976,Y,1117,1,3,1,Detchd,2010
114500,10150,NAmes,1Fam,5,5,1958,Y,912,1,2,0,Attchd,2007
395000,14226,NridgHt,1Fam,8,5,2006,Y,1973,2,3,1,Attchd,2007
162000,4500,Mitchel,TwnhsE,6,5,1998,Y,1204,2,2,0,Attchd,2009
221500,11210,CollgCr,1Fam,7,5,2005,Y,1614,2,3,0,Attchd,2006
142500,13350,Sawyer,1Fam,5,5,1974,Y,894,1,3,1,Attchd,2006
144000,8400,SawyerW,Duplex,5,5,1977,Y,2020,2,4,2,Detchd,2007
135000,10530,Mitchel,Duplex,6,5,1977,Y,1004,1,2,0,Attchd,2006
176000,7875,Gilbert,1Fam,7,5,1995,Y,1253,2,3,1,Attchd,2007
175900,7153,SawyerW,1Fam,6,5,1992,Y,1603,2,3,0,Attchd,2006
187100,16285,CollgCr,1Fam,7,5,2001,Y,1430,2,3,0,Attchd,2009
165500,9101,Mitchel,1Fam,5,6,1978,Y,1110,1,1,1,Attchd,2009
128000,6300,OldTown,1Fam,6,6,1914,Y,1484,2,3,1,,2008
161500,9790,NWAmes,1Fam,6,5,1967,Y,1342,2,3,1,Attchd,2009
139000,10800,OldTown,1Fam,5,6,1915,Y,1652,2,4,0,Detchd,2010
233000,10142,SawyerW,1Fam,7,5,2004,Y,2084,2,4,0,BuiltIn,2010
107900,6000,OldTown,1Fam,4,7,1954,Y,901,1,2,0,Detchd,2008
187500,12205,ClearCr,1Fam,6,8,1966,Y,2087,2,5,0,Attchd,2007
160200,3182,Blmngtn,TwnhsE,7,5,2005,Y,1145,2,2,1,Attchd,2009
146800,11333,Mitchel,1Fam,6,5,1976,Y,1062,1,3,2,Attchd,2007
269790,9920,NoRidge,1Fam,7,5,1996,Y,2013,2,3,1,Attchd,2007
225000,9158,Somerst,1Fam,8,5,2007,Y,1496,2,3,0,Attchd,2007
194500,10832,Gilbert,1Fam,7,5,1994,Y,1895,2,3,1,Attchd,2008
171000,8400,SawyerW,1Fam,6,6,1980,Y,1564,2,3,1,Attchd,2010
143500,8197,Sawyer,1Fam,6,5,1977,Y,1285,1,3,1,Attchd,2007
110000,7677,NAmes,1Fam,5,5,1953,Y,773,1,2,0,Attchd,2008
485000,13518,NridgHt,1Fam,9,5,2008,Y,3140,3,4,2,BuiltIn,2009
175000,7200,SWISU,1Fam,5,7,1937,Y,1768,1,3,2,Detchd,2007
200000,12798,ClearCr,1Fam,6,5,1997,Y,1688,2,4,0,Attchd,2008
109900,4800,IDOTRR,1Fam,4,7,1916,Y,1196,1,2,0,Detchd,2007
189000,8199,CollgCr,1Fam,7,5,2005,Y,1456,2,3,1,Attchd,2008
582933,13891,NridgHt,1Fam,9,5,2008,Y,2822,3,4,1,BuiltIn,2009
118000,9000,NAmes,1Fam,5,5,1954,Y,1128,1,2,0,Attchd,2006
227680,12274,Somerst,1Fam,7,5,2008,Y,1428,2,3,0,Attchd,2008
135500,9750,NAmes,1Fam,5,5,1967,Y,980,2,3,0,Attchd,2006
223500,21384,BrkSide,1Fam,5,6,1923,Y,1576,1,3,1,Attchd,2009
159950,13400,NAmes,1Fam,5,5,1966,Y,1086,1,3,1,Attchd,2006
106000,8100,OldTown,1Fam,5,5,1898,N,2138,2,2,0,Detchd,2009
181000,10140,NWAmes,1Fam,6,6,1974,Y,1309,1,3,1,Attchd,2006
144500,4438,CollgCr,TwnhsE,6,5,2004,Y,848,1,1,1,Attchd,2008
55993,8712,IDOTRR,1Fam,5,5,1952,N,1044,1,2,0,Basment,2010
157900,9750,NAmes,1Fam,6,6,1958,Y,1442,1,4,0,Attchd,2007
116000,8248,Edwards,1Fam,5,7,1918,Y,1250,1,3,0,Detchd,2006
224900,12137,CollgCr,1Fam,7,5,1998,Y,1661,2,3,0,Attchd,2010
137000,11425,NAmes,1Fam,5,6,1954,Y,1008,1,2,1,Attchd,2006
271000,13265,Mitchel,1Fam,8,5,2002,Y,1689,2,3,2,Attchd,2008
155000,8816,ClearCr,1Fam,6,7,1971,Y,1052,1,3,0,Attchd,2010
224000,6371,NridgHt,TwnhsE,7,5,2009,Y,1358,2,2,1,Attchd,2010
183000,7226,CollgCr,1Fam,7,5,2003,Y,1640,2,3,0,Attchd,2008
93000,6000,OldTown,2fmCon,4,4,1953,N,936,1,2,0,Detchd,2009
225000,12394,Gilbert,1Fam,7,5,2003,Y,1733,2,3,1,BuiltIn,2007
139500,9900,SWISU,1Fam,6,7,1940,Y,1489,2,3,1,Detchd,2009
232600,11216,Somerst,1Fam,8,5,2006,Y,1489,2,3,1,Attchd,2006
385000,14803,NridgHt,1Fam,10,5,2007,Y,2084,2,2,1,Attchd,2008
109500,6130,BrkSide,1Fam,5,6,1924,Y,784,1,2,0,,2008
189000,8529,SawyerW,1Fam,7,5,2001,Y,1434,2,3,1,Attchd,2009
185000,28698,ClearCr,1Fam,5,5,1967,Y,2126,2,3,0,Attchd,2009
147400,2544,Somerst,Twnhs,7,5,2005,Y,1223,2,2,0,Detchd,2006
166000,11900,NAmes,1Fam,6,5,1957,Y,1392,1,3,2,Attchd,2008
151000,3180,Somerst,TwnhsE,7,5,2005,Y,1200,2,2,0,Detchd,2006
237000,9548,CollgCr,1Fam,7,6,2003,Y,1829,2,3,1,Attchd,2010
167000,10004,NAmes,1Fam,6,6,1964,Y,1516,1,3,0,Attchd,2009
139950,7875,NAmes,1Fam,5,6,1961,Y,1144,1,3,0,Attchd,2008
128000,9600,Sawyer,1Fam,4,7,1950,Y,1067,2,2,0,Attchd,2010
153500,8100,OldTown,1Fam,5,6,1948,Y,1559,1,2,0,Detchd,2007
100000,1680,BrDale,Twnhs,6,5,1973,Y,987,1,2,0,Detchd,2008
144000,9525,CollgCr,1Fam,5,6,1995,Y,1099,1,3,0,Attchd,2008
130500,11767,Edwards,1Fam,5,6,1946,Y,1200,1,3,0,Detchd,2008
140000,12155,SWISU,1Fam,6,8,1925,N,1482,2,4,0,Detchd,2008
157500,10440,OldTown,1Fam,5,8,1904,Y,1539,2,3,1,Detchd,2008
174900,9020,NAmes,1Fam,6,7,1966,Y,1165,1,3,0,Attchd,2008
141000,8000,NAmes,Duplex,5,4,1961,N,1800,2,6,0,,2007
153900,12665,OldTown,1Fam,5,8,1915,Y,1416,1,4,1,Detchd,2008
171000,16647,Sawyer,1Fam,5,5,1975,Y,1701,2,3,2,Basment,2007
213000,9317,SawyerW,1Fam,7,5,1993,Y,1775,2,3,1,Attchd,2009
133500,15523,CollgCr,1Fam,5,6,1972,Y,864,1,3,1,Attchd,2009
240000,45600,ClearCr,1Fam,6,8,1908,Y,2358,3,5,1,Detchd,2008
187000,9600,Veenker,1Fam,6,7,1976,Y,1855,2,3,1,Attchd,2007
131500,4435,CollgCr,TwnhsE,6,5,2003,Y,848,1,1,0,Attchd,2007
215000,3196,Blmngtn,TwnhsE,8,5,2003,Y,1456,2,2,1,Attchd,2006
164000,7128,Crawfor,1Fam,7,5,1941,Y,1646,2,4,2,Detchd,2007
158000,12095,NAmes,1Fam,6,6,1964,Y,1445,1,3,1,Attchd,2009
170000,17920,Sawyer,1Fam,5,4,1955,Y,1779,1,3,1,Attchd,2006
127000,6897,Sawyer,1Fam,5,8,1962,Y,1040,1,3,0,Detchd,2010
147000,10970,CollgCr,1Fam,6,6,1978,Y,1026,1,3,0,Detchd,2008
174000,8125,Gilbert,1Fam,6,5,1994,Y,1481,2,3,1,Attchd,2009
152000,10400,NWAmes,1Fam,7,5,1976,Y,1370,2,3,1,Attchd,2009
250000,11029,NWAmes,1Fam,6,7,1968,Y,2654,2,4,1,Attchd,2006
189950,7642,Crawfor,1Fam,7,8,1918,Y,1426,1,3,1,Detchd,2007
131500,11625,Sawyer,2fmCon,5,4,1965,Y,1039,1,3,0,Attchd,2010
152000,9672,SawyerW,1Fam,6,5,1984,Y,1097,2,3,0,Attchd,2010
132500,7931,NAmes,1Fam,5,5,1959,Y,1148,1,3,0,Attchd,2009
250580,8640,Somerst,1Fam,7,5,2007,Y,1372,2,3,0,Attchd,2008
148500,8750,NAmes,1Fam,5,6,1970,Y,1002,1,3,0,Detchd,2009
248900,10656,Timber,1Fam,8,5,2006,Y,1646,2,3,1,Attchd,2007
129000,6970,Sawyer,1Fam,4,5,1961,Y,1120,1,3,0,Attchd,2007
169000,14762,Gilbert,1Fam,5,6,1948,Y,2320,2,2,1,Attchd,2006
236000,9938,SawyerW,1Fam,7,5,1993,Y,1949,2,3,1,Attchd,2010
109500,6600,NAmes,1Fam,5,5,1962,N,894,1,2,0,Detchd,2009
200500,8750,CollgCr,1Fam,6,5,1998,Y,1682,2,3,0,Attchd,2010
116000,8892,NAmes,1Fam,5,7,1953,Y,910,1,3,0,Attchd,2008
133000,12144,NAmes,1Fam,5,7,1949,Y,1268,1,3,1,Attchd,2009
66500,5720,OldTown,1Fam,5,6,1941,Y,1131,1,3,0,Detchd,2009
303477,9000,Somerst,1Fam,8,5,2007,Y,2610,2,4,1,BuiltIn,2007
132250,25286,Mitchel,1Fam,4,5,1963,Y,1040,1,3,0,Attchd,2007
350000,8834,NridgHt,1Fam,9,5,2004,Y,2224,2,4,1,Attchd,2009
148000,11782,Sawyer,1Fam,5,7,1961,Y,1155,1,3,0,Detchd,2010
136500,7000,CollgCr,1Fam,5,8,1978,Y,864,1,3,0,Attchd,2009
157000,7024,Edwards,1Fam,5,5,2005,Y,1090,1,2,0,Attchd,2007
187500,13758,Timber,1Fam,7,5,1990,Y,1717,2,3,1,Attchd,2007
178000,9636,Gilbert,1Fam,6,5,1992,Y,1593,2,3,1,BuiltIn,2009
118500,6204,SWISU,1Fam,4,5,1912,N,2230,1,5,0,Detchd,2006
100000,7150,NAmes,1Fam,5,5,1967,Y,892,1,3,0,Attchd,2009
328900,5119,Somerst,TwnhsE,9,5,1999,Y,1709,2,2,1,Attchd,2008
145000,8393,NAmes,Duplex,5,5,1959,Y,1712,2,4,0,Attchd,2006
135500,16466,Edwards,1Fam,5,7,1955,Y,1393,1,3,0,Attchd,2008
268000,15865,NAmes,1Fam,8,6,1970,Y,2217,2,4,1,Attchd,2007
149500,12160,NAmes,1Fam,6,4,1953,Y,1505,1,2,1,Attchd,2009
122900,8064,NAmes,1Fam,5,7,1949,Y,924,1,3,1,Detchd,2007
172500,11184,Sawyer,1Fam,6,5,1978,Y,1683,2,3,1,Attchd,2009
154500,8414,Sawyer,1Fam,6,8,1963,Y,1068,1,3,0,Attchd,2006
165000,13284,Sawyer,1Fam,5,5,1954,Y,1383,1,3,1,Attchd,2008
118858,7018,SawyerW,Duplex,5,5,1979,Y,1535,2,4,0,Attchd,2009
140000,7056,NAmes,1Fam,6,5,1963,Y,1796,1,4,1,Attchd,2008
106500,8765,IDOTRR,1Fam,4,6,1936,N,951,1,2,0,Detchd,2006
142953,7018,SawyerW,Duplex,5,5,1979,Y,2240,2,6,0,Detchd,2009
611657,12919,NridgHt,1Fam,9,5,2009,Y,2364,2,2,2,Attchd,2010
135000,6993,Sawyer,1Fam,5,7,1961,Y,1236,1,3,1,Attchd,2006
110000,7340,NAmes,1Fam,4,6,1971,Y,858,1,2,0,Detchd,2007
153000,8712,NAmes,1Fam,5,7,1957,Y,1306,1,2,0,Detchd,2009
180000,7875,Gilbert,1Fam,7,5,2003,Y,1509,2,3,1,Attchd,2006
240000,14859,Gilbert,1Fam,7,5,2006,Y,1670,2,3,1,Attchd,2006
125500,6173,Sawyer,1Fam,5,6,1967,Y,902,1,3,0,Attchd,2007
128000,9920,NAmes,1Fam,5,5,1954,Y,1063,1,3,0,Attchd,2010
255000,13501,Somerst,1Fam,8,5,2006,Y,1636,2,3,1,Attchd,2007
250000,11500,Crawfor,1Fam,7,7,1936,Y,2057,1,3,1,Attchd,2006
131000,8885,Mitchel,1Fam,5,5,1983,Y,902,1,2,0,Attchd,2006
174000,12589,Gilbert,1Fam,6,5,2005,Y,1484,2,3,1,Attchd,2009
154300,11600,NAmes,Duplex,5,5,1960,Y,2274,2,5,0,Detchd,2010
143500,9286,CollgCr,1Fam,5,7,1977,Y,1268,1,3,0,Detchd,2009
88000,6120,BrkSide,1Fam,5,7,1925,N,1015,1,3,0,Detchd,2006
145000,6270,Crawfor,Duplex,5,6,1949,N,2002,2,4,0,2Types,2007
173733,3000,Somerst,TwnhsE,6,5,2009,Y,1224,2,2,0,Detchd,2009
75000,2001,MeadowV,Twnhs,4,5,1970,Y,1092,1,3,0,Attchd,2007
35311,9000,IDOTRR,1Fam,2,3,1949,N,480,0,1,0,Detchd,2006
135000,17140,Edwards,1Fam,4,6,1956,Y,1229,1,3,0,Attchd,2009
238000,13125,SawyerW,1Fam,7,5,1991,Y,2127,2,4,1,Attchd,2007
176500,11029,NAmes,1Fam,6,8,1958,Y,1414,1,3,1,Attchd,2008
201000,8462,SawyerW,1Fam,6,5,1994,Y,1721,2,3,0,Attchd,2007
145900,8777,Edwards,Duplex,5,7,1900,Y,2200,2,4,0,,2008
169990,10237,Gilbert,1Fam,6,5,2005,Y,1316,2,3,1,Attchd,2006
193000,8012,SawyerW,TwnhsE,6,5,1993,Y,1617,2,2,1,Attchd,2008
207500,10240,NWAmes,1Fam,6,6,1980,Y,1686,2,3,1,Attchd,2006
175000,15611,NWAmes,1Fam,5,6,1977,Y,1126,2,3,0,Attchd,2008
285000,11999,NridgHt,1Fam,8,5,2003,Y,2374,2,4,1,BuiltIn,2007
176000,9900,NWAmes,1Fam,7,5,1968,Y,1978,2,4,1,Attchd,2008
236500,11838,CollgCr,1Fam,8,5,2001,Y,1788,2,3,1,Attchd,2009
222000,13006,Gilbert,1Fam,7,5,1997,Y,2236,2,4,1,BuiltIn,2006
201000,8925,Timber,1Fam,8,5,2007,Y,1466,2,3,0,Attchd,2009
117500,9100,NAmes,1Fam,5,6,1965,Y,925,1,2,0,Detchd,2009
320000,11670,Somerst,1Fam,9,5,2006,Y,1905,2,3,1,Attchd,2007
190000,8487,CollgCr,1Fam,7,5,2004,Y,1500,2,3,0,Attchd,2009
242000,27650,NAmes,1Fam,7,7,1960,Y,2069,2,4,1,Attchd,2008
79900,5825,BrkSide,1Fam,4,5,1926,Y,747,1,1,0,Detchd,2006
184900,10083,SawyerW,1Fam,7,5,2003,Y,1200,2,2,0,Attchd,2009
253000,9675,Somerst,1Fam,7,5,2005,Y,1971,2,3,1,Attchd,2009
239799,8760,CollgCr,1Fam,7,5,2006,Y,1962,2,3,0,Attchd,2006
244400,24090,ClearCr,1Fam,7,7,1940,Y,2403,2,4,2,Attchd,2010
150900,12640,Mitchel,Duplex,6,5,1976,Y,1728,2,4,0,Attchd,2006
214000,8755,Gilbert,1Fam,7,5,1999,Y,2060,2,3,1,BuiltIn,2009
150000,7711,Edwards,Duplex,4,3,1977,Y,1440,2,4,0,,2007
143000,25000,Mitchel,Duplex,5,4,1967,Y,1632,2,4,0,Attchd,2007
137500,14375,Timber,1Fam,6,6,1958,Y,1344,1,3,1,Basment,2009
124900,8820,OldTown,1Fam,5,6,1890,Y,1869,1,2,0,Detchd,2009
143000,8163,NAmes,1Fam,5,6,1959,Y,1144,1,3,1,Attchd,2006
270000,14536,Timber,1Fam,8,5,2002,Y,1629,2,3,1,Attchd,2007
192500,14006,CollgCr,1Fam,7,5,2002,Y,1776,2,3,1,Attchd,2006
197500,9360,NWAmes,1Fam,6,7,1972,Y,1381,1,3,1,Attchd,2010
129000,7200,NAmes,1Fam,5,8,1950,Y,864,1,3,0,Detchd,2007
119900,7800,SawyerW,1Fam,5,5,1965,Y,965,1,3,0,Detchd,2006
133900,7200,CollgCr,1Fam,5,8,1972,Y,768,1,2,0,Detchd,2009
172000,11075,Mitchel,1Fam,5,4,1969,Y,1968,2,4,1,Attchd,2008
127500,9400,Edwards,Duplex,6,5,1975,Y,980,2,4,0,,2006
145000,7136,Crawfor,Duplex,6,6,1946,N,1958,2,4,0,Attchd,2007
124000,1300,Blueste,TwnhsE,6,6,1980,Y,1229,1,2,1,Attchd,2009
132000,7420,Sawyer,1Fam,5,5,1962,Y,1057,1,3,0,Detchd,2007
185000,8450,CollgCr,1Fam,7,5,2003,Y,1337,2,3,0,Attchd,2007
155000,2572,Somerst,Twnhs,7,5,1999,Y,1416,2,3,0,Detchd,2010
116500,7207,BrkSide,1Fam,5,7,1958,Y,858,1,2,0,,2010
272000,12227,NWAmes,1Fam,6,7,1977,Y,2872,2,4,1,Attchd,2008
155000,2308,NPkVill,TwnhsE,6,6,1976,Y,1548,2,3,1,Detchd,2007
239000,11923,CollgCr,1Fam,9,5,2007,Y,1800,2,2,0,Attchd,2009
214900,11316,Timber,1Fam,7,5,2002,Y,1894,2,4,1,BuiltIn,2010
178900,10237,Gilbert,1Fam,6,5,2005,Y,1484,2,3,1,Attchd,2007
160000,9600,Crawfor,1Fam,5,7,1940,Y,1308,1,2,2,Detchd,2009
135000,7390,NAmes,1Fam,5,7,1955,Y,1098,1,3,0,Attchd,2008
37900,5925,OldTown,1Fam,3,6,1910,N,968,1,2,0,,2009
140000,10382,NAmes,2fmCon,6,5,1958,Y,1095,1,2,0,Attchd,2006
135000,10800,NAmes,1Fam,4,4,1949,N,1192,1,4,0,,2006
173000,2268,NridgHt,Twnhs,7,5,2003,Y,1626,2,2,0,BuiltIn,2009
99500,7892,SawyerW,TwnhsE,6,5,1979,Y,918,2,2,1,Attchd,2010
182000,11639,Somerst,1Fam,7,5,2007,Y,1428,2,3,0,Attchd,2008
167500,11414,BrkSide,1Fam,7,8,1910,N,2019,1,3,0,Detchd,2009
165000,2651,Somerst,Twnhs,7,5,2000,Y,1382,2,3,0,Detchd,2006
85500,5900,BrkSide,1Fam,4,7,1923,Y,869,1,2,0,,2006
199900,4274,Somerst,TwnhsE,7,5,2006,Y,1241,1,1,0,Attchd,2007
110000,9450,Edwards,1Fam,4,5,1954,Y,894,1,3,0,Detchd,2007
139000,8816,Sawyer,1Fam,5,6,1963,Y,1121,1,3,0,Detchd,2009
178400,12122,NAmes,1Fam,7,9,1961,Y,999,1,3,0,Attchd,2008
336000,12203,NoRidge,1Fam,8,5,1998,Y,2612,2,4,1,Attchd,2009
159895,3182,Blmngtn,1Fam,7,5,2007,Y,1266,2,2,1,Attchd,2008
255900,11250,CollgCr,1Fam,8,5,2002,Y,2290,2,4,1,Attchd,2008
126000,10125,Mitchel,Duplex,5,5,1977,Y,1734,2,4,0,Attchd,2009
125000,10880,Edwards,2fmCon,5,5,1950,N,1164,1,3,0,Detchd,2008
117000,5310,OldTown,1Fam,6,8,1910,Y,1635,1,2,0,Attchd,2006
395192,10159,NridgHt,1Fam,9,5,2009,Y,1940,2,3,1,Attchd,2010
195000,12046,NWAmes,1Fam,6,6,1976,Y,2030,2,4,1,Attchd,2007
197000,8125,Somerst,1Fam,7,5,2006,Y,1576,2,3,0,Attchd,2006
348000,9452,NoRidge,1Fam,8,5,1997,Y,2392,2,3,1,Attchd,2006
168000,17671,OldTown,1Fam,8,9,1882,Y,1742,1,4,1,Attchd,2009
187000,9760,NAmes,1Fam,6,8,1964,Y,1851,2,3,1,Attchd,2007
173900,8846,CollgCr,1Fam,6,5,2005,Y,1500,2,3,0,Attchd,2006
337500,12456,NridgHt,1Fam,10,5,2006,Y,1718,2,3,1,Attchd,2009
121600,4712,BrkSide,1Fam,4,7,1946,Y,1230,1,3,0,Detchd,2006
136500,10659,NAmes,1Fam,5,6,1961,Y,1050,1,3,0,Attchd,2006
185000,11717,NWAmes,1Fam,6,6,1970,Y,1442,2,2,1,Attchd,2009
91000,9786,IDOTRR,1Fam,3,4,1922,N,1077,1,3,1,Detchd,2006
206000,6762,CollgCr,1Fam,7,5,2006,Y,1208,2,2,0,Attchd,2010
82000,10206,Edwards,1Fam,3,3,1952,N,944,1,2,0,Detchd,2009
86000,5400,OldTown,1Fam,5,6,1920,Y,691,1,2,0,Detchd,2007
232000,11957,Somerst,1Fam,8,5,2006,Y,1574,2,3,1,Attchd,2008
136905,11500,NWAmes,Duplex,5,6,1976,Y,1680,2,4,0,Detchd,2007
181000,3182,Blmngtn,TwnhsE,7,5,2005,Y,1504,2,1,1,Attchd,2009
149900,8385,CollgCr,1Fam,5,8,1977,Y,985,2,3,0,Attchd,2008
163500,12155,NAmes,1Fam,6,3,1970,Y,1657,2,3,1,Attchd,2007
88000,2217,MeadowV,TwnhsE,4,4,1970,Y,1092,1,3,0,Attchd,2009
240000,12118,Mitchel,1Fam,7,5,2004,Y,1710,2,3,1,Attchd,2009
102000,6000,SWISU,1Fam,5,5,1926,Y,1522,2,4,0,,2006
135000,21286,Sawyer,1Fam,5,5,1948,Y,1271,2,4,1,Attchd,2008
100000,9825,Edwards,Duplex,5,5,1965,N,1664,2,4,0,,2010
165000,10592,Crawfor,1Fam,6,7,1923,Y,1502,1,3,2,Detchd,2007
85000,7200,OldTown,1Fam,5,4,1910,N,1022,1,2,0,Detchd,2009
119200,11664,NAmes,1Fam,6,5,1948,Y,1082,1,2,1,Detchd,2007
227000,8400,NWAmes,1Fam,8,6,2001,Y,1665,2,3,0,Attchd,2009
203000,11883,CollgCr,1Fam,7,5,1996,Y,1504,2,3,1,Attchd,2009
187500,5814,StoneBr,TwnhsE,8,5,1984,Y,1360,1,1,1,Attchd,2009
160000,10784,Gilbert,1Fam,7,5,1991,Y,1472,2,3,1,Attchd,2007
213490,3013,Blmngtn,TwnhsE,7,5,2005,Y,1506,2,2,1,Attchd,2006
176000,7024,Edwards,1Fam,4,5,2005,Y,1132,1,2,0,Attchd,2008
194000,7406,CollgCr,1Fam,7,5,2006,Y,1220,2,2,0,Attchd,2006
87000,9439,OldTown,1Fam,5,5,1930,Y,1248,1,2,0,Detchd,2007
191000,3182,Blmngtn,TwnhsE,7,5,2005,Y,1504,2,2,1,Attchd,2008
287000,15498,Timber,1Fam,8,6,1976,Y,2898,2,2,1,Attchd,2008
112500,7700,CollgCr,1Fam,5,5,1972,Y,882,1,3,0,Detchd,2007
167500,9300,NAmes,1Fam,5,5,1960,Y,1264,1,3,2,Attchd,2010
293077,9520,Timber,1Fam,8,5,2007,Y,1646,2,3,1,Attchd,2008
105000,9492,NAmes,1Fam,5,5,1941,Y,1376,1,3,1,Attchd,2007
118000,1680,BrDale,Twnhs,6,7,1972,Y,1218,1,3,0,Detchd,2006
160000,7082,SWISU,2fmCon,5,8,1916,Y,1928,2,5,0,,2006
197000,15863,SWISU,1Fam,7,3,1920,Y,3082,2,5,2,Basment,2009
310000,14541,NoRidge,1Fam,8,7,1993,Y,2520,2,5,1,Attchd,2006
230000,8125,CollgCr,1Fam,7,5,2002,Y,1654,2,3,0,Attchd,2006
119750,6305,Crawfor,1Fam,5,7,1938,Y,954,1,2,1,Basment,2007
84000,11500,Edwards,1Fam,4,3,1957,N,845,1,3,0,Detchd,2009
315500,12898,Timber,1Fam,9,5,2007,Y,1620,2,2,1,Attchd,2009
287000,9240,CollgCr,1Fam,8,5,2001,Y,2263,2,3,1,BuiltIn,2008
97000,1533,MeadowV,Twnhs,4,6,1970,Y,1344,1,3,1,,2009
80000,1477,MeadowV,TwnhsE,4,4,1970,Y,630,1,1,0,Attchd,2009
155000,13125,Sawyer,1Fam,5,4,1957,Y,1803,2,3,1,Attchd,2006
173000,9130,NWAmes,1Fam,6,8,1966,Y,1632,1,4,0,Attchd,2008
196000,5381,NridgHt,Twnhs,6,5,2005,Y,1306,2,1,1,Attchd,2009
262280,11839,SawyerW,1Fam,7,5,1990,Y,2329,2,4,1,Attchd,2008
278000,9600,NWAmes,1Fam,8,5,1981,Y,2524,2,4,1,Attchd,2009
139600,13680,Edwards,1Fam,3,5,1955,Y,1733,2,4,1,Attchd,2009
556581,16056,StoneBr,1Fam,9,5,2005,Y,2868,3,4,1,BuiltIn,2006
145000,9245,CollgCr,1Fam,5,5,1994,Y,990,1,3,0,Detchd,2008
115000,21750,Mitchel,1Fam,5,4,1960,Y,1771,1,3,1,Attchd,2009
84900,11100,Edwards,1Fam,4,7,1946,Y,930,1,2,0,Detchd,2010
176485,8993,Gilbert,1Fam,7,5,2007,Y,1302,2,3,0,Attchd,2007
200141,11175,CollgCr,1Fam,7,5,2007,Y,1316,2,3,1,Attchd,2007
165000,9500,NAmes,1Fam,6,6,1964,Y,1977,1,4,1,Attchd,2007
144500,8562,Edwards,1Fam,5,6,1957,Y,1526,1,4,1,Basment,2010
255000,11367,CollgCr,1Fam,8,5,2002,Y,1989,2,3,1,Attchd,2006
180000,11361,NWAmes,1Fam,6,5,1976,Y,1523,2,3,1,Attchd,2008
185850,7052,NridgHt,TwnhsE,7,5,2005,Y,1364,2,2,1,Attchd,2006
248000,29959,NoRidge,1Fam,7,6,1994,Y,1850,2,3,1,BuiltIn,2009
335000,11308,NridgHt,1Fam,9,5,2008,Y,2184,2,3,1,Attchd,2009
220000,11275,Crawfor,1Fam,6,7,1932,Y,1991,1,3,1,Detchd,2007
213500,4920,StoneBr,TwnhsE,8,5,2001,Y,1338,2,2,0,Attchd,2010
81000,18000,IDOTRR,1Fam,3,4,1935,Y,894,1,2,0,Detchd,2008
90000,13600,OldTown,2fmCon,5,5,1900,N,2337,2,5,0,Detchd,2007
110500,6000,OldTown,1Fam,6,6,1925,Y,1103,1,2,1,Detchd,2006
154000,11000,NAmes,1Fam,5,6,1966,Y,1154,1,3,1,Attchd,2009
328000,14000,ClearCr,1Fam,7,5,1996,Y,2260,2,3,0,Attchd,2010
178000,7837,Gilbert,1Fam,6,7,1993,Y,1571,2,3,1,Attchd,2009
167900,9760,NAmes,1Fam,6,6,1964,Y,1611,1,4,0,Attchd,2008
151400,3964,MeadowV,TwnhsE,6,4,1973,Y,2521,2,5,1,Attchd,2006
135000,9600,NAmes,1Fam,5,7,1949,Y,893,1,2,0,Detchd,2007
135000,10152,NAmes,1Fam,5,5,1956,Y,1048,1,3,0,Attchd,2007
154000,11700,NWAmes,1Fam,6,6,1968,Y,1556,1,4,0,Attchd,2009
91500,7585,Edwards,1Fam,5,3,1948,Y,1456,1,4,1,Detchd,2006
159500,7950,Edwards,1Fam,6,6,1977,Y,1426,1,3,0,Attchd,2009
194000,8556,CollgCr,1Fam,7,5,2006,Y,1240,2,2,0,Attchd,2007
219500,13125,Crawfor,1Fam,7,6,1940,Y,1740,1,3,2,Attchd,2007
170000,10800,OldTown,1Fam,5,8,1936,Y,1466,2,3,1,Attchd,2006
138800,15870,NAmes,1Fam,5,5,1969,Y,1096,1,3,0,Attchd,2006
155900,4435,CollgCr,TwnhsE,6,5,2004,Y,848,1,1,1,Attchd,2006
126000,8775,CollgCr,1Fam,5,5,1994,Y,990,1,3,0,Attchd,2007
145000,11040,NWAmes,1Fam,6,7,1971,Y,1258,2,3,0,Attchd,2008
133000,7500,Sawyer,1Fam,5,5,1963,Y,1040,1,3,0,Attchd,2010
192000,8749,CollgCr,1Fam,7,5,2002,Y,1459,2,3,1,Attchd,2007
160000,8800,NAmes,1Fam,6,6,1964,Y,1251,1,3,2,Attchd,2006
187500,13031,Gilbert,1Fam,6,5,1995,Y,1498,2,3,1,Attchd,2006
147000,9069,SawyerW,1Fam,6,6,1992,Y,996,1,2,0,Attchd,2010
83500,1974,MeadowV,TwnhsE,4,5,1973,Y,1092,1,3,0,Attchd,2010
252000,10574,Somerst,1Fam,8,5,2005,Y,1953,2,3,1,Attchd,2009
137500,2522,Edwards,Twnhs,7,5,2004,Y,1709,2,3,0,Detchd,2006
197000,3316,Somerst,TwnhsE,8,5,2005,Y,1247,1,1,1,Attchd,2006
92900,8544,NAmes,Duplex,3,4,1950,N,1040,2,2,0,Detchd,2009
160000,2160,Somerst,Twnhs,7,5,1999,Y,1252,2,2,0,Detchd,2008
136500,8400,SWISU,1Fam,6,5,1925,Y,1694,2,4,1,Detchd,2008
146000,9230,NAmes,1Fam,5,8,1965,Y,1200,1,1,0,Detchd,2006
129000,5868,NAmes,1Fam,5,7,1956,Y,936,1,2,0,Attchd,2010
176432,9317,CollgCr,1Fam,6,5,2006,Y,1314,2,3,1,Attchd,2007
127000,6882,IDOTRR,1Fam,6,7,1914,Y,1355,1,3,0,,2007
170000,3696,StoneBr,TwnhsE,8,5,1986,Y,1088,1,2,0,Attchd,2007
128000,6000,BrkSide,1Fam,4,6,1936,Y,1324,1,3,0,Detchd,2009
157000,11880,NWAmes,1Fam,7,5,1978,Y,1601,2,3,1,Attchd,2009
60000,8400,SWISU,1Fam,2,5,1920,N,438,1,1,0,Detchd,2009
119500,9758,NAmes,1Fam,5,5,1971,Y,950,1,3,0,Detchd,2007
135000,7000,NAmes,1Fam,5,7,1960,Y,1134,1,2,0,Attchd,2007
159500,8910,NAmes,1Fam,6,6,1959,Y,1194,1,3,1,BuiltIn,2006
106000,2016,BrDale,TwnhsE,5,5,1970,Y,1302,2,3,0,Detchd,2007
325000,12256,NoRidge,1Fam,8,5,1994,Y,2622,2,3,2,Attchd,2010
179900,10357,SawyerW,1Fam,7,5,1990,Y,1442,2,3,1,Attchd,2007
274725,23257,Gilbert,1Fam,7,5,2006,Y,2021,2,3,1,BuiltIn,2006
181000,8063,Gilbert,1Fam,6,5,2000,Y,1690,2,3,1,Attchd,2007
280000,11362,NridgHt,1Fam,8,5,2004,Y,1836,2,3,1,Attchd,2009
188000,8000,Gilbert,1Fam,6,5,1995,Y,1658,2,3,1,Attchd,2008
205000,10480,NWAmes,1Fam,7,6,1976,Y,1964,2,4,1,Attchd,2008
129900,7100,NAmes,1Fam,5,7,1957,Y,816,1,2,0,Detchd,2006
134500,8923,NAmes,1Fam,5,7,1953,Y,1008,1,2,0,Attchd,2007
117000,5400,OldTown,1Fam,5,7,1954,Y,833,1,2,0,Detchd,2006
318000,12085,NridgHt,1Fam,8,5,2007,Y,1734,2,3,1,Attchd,2007
184100,7750,Gilbert,1Fam,8,5,2002,Y,1419,2,3,1,BuiltIn,2009
130000,9764,Sawyer,1Fam,5,7,1967,Y,894,1,3,0,Attchd,2008
140000,13825,Sawyer,1Fam,5,6,1958,Y,1601,1,3,0,BuiltIn,2008
133700,7560,NAmes,1Fam,5,5,1959,Y,1040,1,3,0,Attchd,2006
118400,8263,IDOTRR,1Fam,6,5,1920,Y,1012,1,2,1,Detchd,2007
212900,10084,CollgCr,1Fam,7,5,2005,Y,1552,2,3,0,Attchd,2006
112000,8926,Edwards,1Fam,4,3,1956,Y,960,1,3,0,Basment,2009
118000,9405,Edwards,1Fam,5,9,1947,Y,698,1,2,0,,2009
163900,9125,Gilbert,1Fam,7,5,1992,Y,1482,2,3,1,Attchd,2007
115000,10434,NAmes,1Fam,4,5,1955,Y,1005,1,2,1,Detchd,2009
174000,3684,Blmngtn,TwnhsE,7,5,2007,Y,1555,2,2,1,Attchd,2009
259000,14572,Gilbert,1Fam,7,5,2004,Y,1530,2,3,1,Attchd,2007
215000,11796,Gilbert,1Fam,7,5,2004,Y,1959,2,4,1,BuiltIn,2007
140000,7200,OldTown,Duplex,5,5,1980,Y,936,1,2,0,Detchd,2007
135000,7804,SWISU,1Fam,4,3,1928,Y,1981,2,4,2,Detchd,2009
93500,10712,Mitchel,1Fam,5,5,1991,Y,974,1,3,0,,2007
117500,9900,OldTown,1Fam,6,4,1880,Y,2210,2,5,0,Detchd,2007
239500,9828,SawyerW,1Fam,8,5,1995,Y,2020,2,3,1,Attchd,2009
169000,8773,Gilbert,1Fam,6,5,1997,Y,1600,2,3,1,Attchd,2007
102000,6180,BrkSide,1Fam,6,5,1926,N,986,1,2,1,Detchd,2007
119000,9600,NAmes,1Fam,6,5,1950,Y,1252,1,3,0,Attchd,2008
94000,6342,Sawyer,1Fam,5,8,1875,N,1020,1,2,0,,2010
196000,9819,Mitchel,1Fam,6,5,1977,Y,1567,2,2,2,Attchd,2009
144000,8731,BrkSide,1Fam,5,5,1920,Y,1167,1,3,1,Detchd,2007
139000,7350,NAmes,1Fam,5,7,1951,Y,952,1,2,0,Detchd,2008
197500,10304,NWAmes,1Fam,5,7,1976,Y,1868,2,4,1,Attchd,2009
424870,9965,CollgCr,1Fam,8,5,2006,Y,2828,3,4,1,BuiltIn,2007
80000,9000,Sawyer,1Fam,5,3,1959,Y,1006,1,3,0,,2008
80000,12180,Edwards,2fmCon,4,4,1941,N,924,1,2,0,Detchd,2010
149000,6240,BrkSide,1Fam,5,6,1928,Y,1576,1,3,1,Detchd,2006
180000,11200,SawyerW,1Fam,6,5,1985,Y,1298,2,3,1,Attchd,2006
174500,12000,Crawfor,1Fam,7,7,1941,Y,1564,1,3,1,Attchd,2009
116900,5700,OldTown,1Fam,7,7,1926,Y,1111,1,2,1,Detchd,2008
143000,9000,OldTown,1Fam,7,9,1920,Y,1482,1,3,0,Detchd,2009
124000,8280,NAmes,1Fam,6,5,1950,Y,932,1,2,1,Attchd,2007
149900,17755,Edwards,1Fam,5,4,1959,Y,1466,1,3,2,Attchd,2006
230000,14115,Crawfor,1Fam,6,7,1956,Y,1811,1,2,1,Attchd,2006
120500,5890,IDOTRR,1Fam,6,8,1930,Y,816,1,2,0,Detchd,2008
201800,13700,NAmes,1Fam,7,6,1965,Y,1820,1,4,2,Attchd,2008
218000,10768,Veenker,1Fam,5,8,1976,Y,1437,2,3,1,Attchd,2007
179900,9350,NAmes,1Fam,5,8,1965,Y,1265,2,3,1,Attchd,2008
230000,5001,NridgHt,Twnhs,7,5,2007,Y,1314,2,2,1,Attchd,2009
235128,11932,Somerst,1Fam,8,5,2007,Y,1580,2,3,0,Attchd,2008
185000,9120,NWAmes,1Fam,6,6,1974,Y,1876,2,4,1,Attchd,2008
146000,2280,NPkVill,Twnhs,6,5,1978,Y,1456,2,3,1,Attchd,2010
224000,14778,Crawfor,1Fam,6,7,1954,Y,1640,1,3,1,Detchd,2008
129000,8724,Sawyer,1Fam,5,5,1968,Y,894,1,3,1,Attchd,2007
108959,12900,Sawyer,Duplex,4,4,1969,Y,1258,0,0,0,CarPort,2008
194000,16157,Veenker,1Fam,5,7,1978,Y,1432,1,2,1,Attchd,2007
233170,9541,NridgHt,1Fam,7,5,2009,Y,1502,2,3,0,Attchd,2009
245350,10475,CollgCr,1Fam,8,5,2008,Y,1694,2,3,0,Attchd,2010
173000,10852,Gilbert,1Fam,6,5,2000,Y,1671,2,3,1,Attchd,2006
235000,13728,Edwards,1Fam,6,7,1935,Y,2108,2,4,2,Basment,2008
625000,35760,NoRidge,1Fam,10,5,1995,Y,3627,3,4,1,Attchd,2006
171000,9880,Mitchel,1Fam,6,6,1977,Y,1118,1,3,1,Attchd,2008
163000,9120,NAmes,1Fam,6,6,1958,Y,1261,1,3,1,Attchd,2008
171900,4017,Somerst,TwnhsE,7,5,2006,Y,1250,2,2,0,Detchd,2008
200500,18030,ClearCr,1Fam,5,6,1946,Y,3086,3,3,1,,2007
239000,16560,Crawfor,1Fam,6,8,1932,Y,2345,2,4,1,Detchd,2006
285000,10678,NoRidge,1Fam,8,5,1992,Y,2872,2,4,1,Attchd,2007
119500,6951,Mitchel,1Fam,5,5,1984,Y,923,1,3,0,Attchd,2008
115000,3950,OldTown,1Fam,6,8,1926,Y,1224,1,3,0,Detchd,2009
154900,7681,Crawfor,1Fam,5,6,1921,Y,1343,1,3,1,Detchd,2009
93000,8335,Edwards,1Fam,5,5,1954,Y,1124,1,3,1,,2006
250000,11170,Timber,1Fam,7,5,1990,Y,2514,2,4,0,Attchd,2006
392500,5587,Crawfor,TwnhsE,8,5,2008,Y,1652,2,2,1,Attchd,2008
745000,15623,NoRidge,1Fam,10,5,1996,Y,4476,3,4,2,Attchd,2007
120000,10800,OldTown,1Fam,5,6,1920,Y,1130,1,2,1,Detchd,2006
186700,35133,Timber,1Fam,5,4,1963,Y,1572,1,3,2,2Types,2007
104900,9738,Edwards,1Fam,5,7,1924,Y,1221,1,4,0,Attchd,2006
95000,10615,OldTown,2fmCon,3,5,1900,Y,1699,2,3,0,CarPort,2009
262000,12461,NoRidge,1Fam,8,5,1994,Y,1624,2,2,1,Attchd,2006
195000,8935,CollgCr,1Fam,7,5,2002,Y,1660,2,3,0,Attchd,2009
189000,7500,Gilbert,1Fam,7,5,1999,Y,1804,2,3,1,Attchd,2010
168000,32463,Mitchel,2fmCon,4,4,1961,Y,1622,1,3,1,2Types,2007
174000,2645,Somerst,Twnhs,8,5,1999,Y,1441,2,2,0,Detchd,2007
125000,9600,OldTown,1Fam,5,8,1925,Y,1472,1,3,0,Detchd,2007
165000,4500,Mitchel,TwnhsE,6,5,1999,Y,1224,2,2,0,Attchd,2009
158000,9364,Sawyer,1Fam,6,7,1969,Y,1352,1,4,0,Attchd,2010
176000,8029,Gilbert,1Fam,6,5,2005,Y,1456,2,3,0,Attchd,2008
219210,14054,Gilbert,1Fam,7,5,2006,Y,1863,2,4,1,BuiltIn,2006
144000,8850,OldTown,1Fam,7,6,1916,Y,1690,1,3,1,Detchd,2006
178000,9100,CollgCr,1Fam,7,5,2001,Y,1212,2,3,0,Attchd,2009
148000,11235,Sawyer,1Fam,4,5,1963,Y,1382,1,3,1,Attchd,2006
116050,9353,NAmes,1Fam,4,5,1970,Y,864,1,3,0,Attchd,2006
197900,10400,CollgCr,1Fam,7,5,1998,Y,1779,2,3,0,Attchd,2009
117000,6000,BrkSide,1Fam,5,8,1925,Y,1348,1,3,1,Detchd,2009
213000,9750,CollgCr,1Fam,7,5,2000,Y,1630,2,3,1,Attchd,2009
153500,10140,NWAmes,1Fam,5,6,1975,Y,1074,1,3,0,Attchd,2006
271900,14684,SawyerW,1Fam,7,7,1990,Y,2196,2,3,1,Attchd,2009
107000,8900,SawyerW,1Fam,4,4,1966,Y,1056,1,2,0,Detchd,2006
200000,9135,CollgCr,1Fam,6,5,2003,Y,1700,2,3,0,Attchd,2006
140000,7763,NAmes,1Fam,5,7,1962,Y,1283,1,3,0,Detchd,2008
290000,10182,Somerst,1Fam,8,5,2006,Y,1660,2,3,1,Attchd,2006
189000,11218,SawyerW,1Fam,6,5,1992,Y,1845,2,3,1,Attchd,2010
164000,12134,Gilbert,1Fam,8,7,1988,Y,1752,2,4,0,Basment,2010
113000,9340,Edwards,1Fam,4,6,1941,Y,672,1,2,0,Attchd,2009
145000,10246,Sawyer,1Fam,4,9,1965,Y,960,0,0,0,Attchd,2006
134500,10205,NAmes,1Fam,5,5,1962,Y,999,1,3,0,Attchd,2006
125000,7094,Sawyer,1Fam,5,5,1966,Y,894,1,3,0,Detchd,2007
112000,8930,Sawyer,Duplex,6,5,1978,Y,1902,2,4,0,Attchd,2010
229456,8640,Somerst,1Fam,8,5,2009,Y,1314,2,3,0,Attchd,2009
80500,6240,BrkSide,1Fam,4,5,1947,N,912,1,2,0,,2006
91500,1680,BrDale,Twnhs,6,5,1971,Y,1218,1,3,0,,2006
115000,7800,NAmes,1Fam,5,5,1964,Y,912,1,2,0,Attchd,2006
134000,8250,Sawyer,1Fam,5,5,1968,Y,1211,1,3,1,Attchd,2008
143000,10496,NAmes,1Fam,6,6,1949,Y,1846,2,3,1,Attchd,2007
137900,10680,NAmes,1Fam,5,3,1951,N,2136,2,4,0,Detchd,2006
184000,15384,Gilbert,1Fam,7,5,2004,Y,1490,2,3,1,Attchd,2008
145000,10482,NAmes,1Fam,6,8,1958,Y,1138,1,3,0,Attchd,2007
214000,14598,Somerst,1Fam,6,5,2007,Y,1933,2,4,1,BuiltIn,2008
147000,8872,NAmes,1Fam,5,8,1965,Y,912,1,2,0,Detchd,2008
367294,8769,NridgHt,TwnhsE,9,5,2008,Y,1702,1,1,1,Attchd,2008
127000,7910,NAmes,1Fam,5,5,1960,Y,1507,2,4,0,Basment,2008
190000,18890,Sawyer,Duplex,5,5,1977,Y,2620,2,4,1,BuiltIn,2007
132500,7728,NAmes,Duplex,5,6,1962,Y,1190,1,3,0,Attchd,2006
101800,9842,NAmes,Duplex,4,5,1962,Y,1224,2,2,0,CarPort,2007
142000,12160,NAmes,1Fam,5,5,1959,Y,1188,1,3,0,Attchd,2010
130000,8525,SWISU,1Fam,5,6,1911,N,1964,1,4,0,,2008
138887,13132,Crawfor,1Fam,5,5,1914,Y,1784,1,4,0,Detchd,2006
175500,2628,NridgHt,Twnhs,7,5,2003,Y,1626,2,2,0,BuiltIn,2010
195000,12393,CollgCr,1Fam,7,5,2004,Y,1948,2,4,1,BuiltIn,2006
142500,13072,SawyerW,1Fam,6,5,2005,Y,1141,1,3,0,Detchd,2006
265900,9037,Timber,1Fam,8,5,2006,Y,1484,2,2,1,Attchd,2007
224900,8158,CollgCr,1Fam,7,5,2003,Y,1768,2,3,0,Attchd,2008
248328,9849,Somerst,1Fam,7,6,2007,Y,1689,2,3,0,Attchd,2007
170000,10625,NWAmes,1Fam,7,6,1974,Y,1173,2,3,2,Attchd,2010
465000,13891,NridgHt,1Fam,10,5,2006,Y,2076,2,2,1,Attchd,2006
230000,11435,Crawfor,1Fam,8,7,1929,Y,1517,1,3,2,Detchd,2006
178000,12090,NWAmes,1Fam,6,7,1984,Y,1868,3,3,1,BuiltIn,2007
186500,8125,Somerst,1Fam,7,5,2005,Y,1553,2,3,0,Attchd,2006
169900,12328,Mitchel,1Fam,6,5,1976,Y,1034,1,3,0,Attchd,2010
129500,9600,OldTown,1Fam,6,5,1917,N,2058,1,3,1,Detchd,2008
119000,7200,NAmes,1Fam,5,7,1950,Y,988,1,3,0,Attchd,2007
244000,11160,NAmes,1Fam,7,5,1968,Y,2110,2,3,2,Attchd,2010
171750,3136,NridgHt,TwnhsE,7,5,2003,Y,1405,2,2,1,Attchd,2006
130000,9858,Mitchel,1Fam,5,6,1968,Y,874,1,3,0,Attchd,2009
294000,17542,Veenker,1Fam,7,7,1974,Y,2167,2,3,2,Attchd,2007
165400,6931,Edwards,1Fam,7,5,2003,Y,1656,2,3,1,BuiltIn,2008
127500,6240,BrkSide,1Fam,6,6,1931,Y,1367,1,3,1,Detchd,2007
301500,14303,NoRidge,1Fam,8,5,1994,Y,1987,2,2,1,Attchd,2008
99900,4060,Edwards,1Fam,5,8,1922,Y,864,1,2,0,,2009
190000,9587,Gilbert,1Fam,7,5,2005,Y,1166,2,2,0,Attchd,2008
151000,9750,NAmes,1Fam,6,8,1969,Y,1054,1,3,0,Attchd,2008
181000,24682,Gilbert,1Fam,6,5,1999,Y,1675,2,3,1,BuiltIn,2009
128900,9600,NAmes,1Fam,5,6,1956,Y,1050,1,2,0,Attchd,2009
161500,11250,ClearCr,1Fam,4,5,1957,Y,1788,1,5,2,Attchd,2009
180500,13515,BrkSide,1Fam,6,6,1919,Y,1824,1,3,1,Detchd,2007
181000,4060,NAmes,TwnhsE,6,5,1998,Y,1337,2,2,0,Attchd,2008
183900,3735,Somerst,TwnhsE,7,5,1999,Y,1452,2,3,0,Detchd,2006
122000,10120,OldTown,2fmCon,7,4,1910,N,1889,1,4,1,Detchd,2007
378500,13214,Timber,1Fam,9,5,2008,Y,2018,2,3,1,Attchd,2010
381000,14100,Crawfor,1Fam,8,9,1935,Y,3447,3,4,2,BuiltIn,2008
144000,11344,NAmes,1Fam,5,5,1958,Y,1524,1,3,0,Attchd,2007
260000,23595,ClearCr,1Fam,7,6,1979,Y,1524,0,0,1,Attchd,2010
185750,9156,NWAmes,1Fam,6,7,1968,Y,1489,2,3,1,Attchd,2009
137000,13526,Sawyer,1Fam,5,6,1965,Y,935,1,3,0,Attchd,2006
177000,11512,Edwards,1Fam,6,7,1959,Y,1357,1,2,1,Basment,2008
139000,5362,Crawfor,1Fam,5,6,1910,Y,1250,2,3,1,Detchd,2007
137000,11345,NAmes,Duplex,5,5,1948,Y,1920,2,4,0,Detchd,2007
162000,12936,NWAmes,1Fam,6,6,1972,Y,1395,1,3,1,Attchd,2009
197900,17871,NWAmes,1Fam,6,5,1967,Y,1724,1,3,1,Attchd,2009
237000,9473,CollgCr,1Fam,8,5,2002,Y,2031,2,3,1,Attchd,2008
68400,7500,IDOTRR,1Fam,4,4,1920,Y,1128,1,2,0,Detchd,2010
227000,9808,CollgCr,1Fam,7,5,2002,Y,1573,2,3,0,Attchd,2009
180000,8049,Timber,1Fam,7,5,1990,Y,1339,2,2,1,Attchd,2006
150500,8800,CollgCr,1Fam,5,7,1977,Y,1040,2,3,0,Detchd,2009
139000,9400,Mitchel,Duplex,6,5,1971,Y,1824,2,4,0,,2010
169000,9638,SWISU,1Fam,6,7,1919,Y,2447,2,4,1,Detchd,2010
132500,6000,BrkSide,1Fam,6,6,1939,Y,1412,1,4,1,Detchd,2009
143000,9790,NWAmes,1Fam,6,5,1963,Y,1328,1,3,2,Attchd,2010
190000,36500,ClearCr,1Fam,5,5,1964,Y,1582,2,4,0,Attchd,2006
278000,5664,StoneBr,TwnhsE,8,5,2000,Y,1659,2,2,1,Attchd,2009
281000,11065,NridgHt,1Fam,8,5,2006,Y,1970,2,3,1,BuiltIn,2006
180500,14112,NAmes,1Fam,5,7,1964,Y,1152,1,3,1,Attchd,2010
119500,1680,BrDale,Twnhs,5,7,1972,Y,1302,2,3,0,Detchd,2009
107500,6600,OldTown,1Fam,5,4,1892,N,2372,2,4,0,Attchd,2009
162900,10140,NWAmes,1Fam,7,5,1976,Y,1664,2,4,1,Attchd,2006
115000,8172,Edwards,1Fam,5,7,1955,Y,864,1,2,0,Detchd,2006
138500,8400,NAmes,1Fam,5,5,1968,Y,1052,1,3,0,Attchd,2006
155000,8700,NAmes,1Fam,5,6,1963,Y,1128,2,3,0,Attchd,2008
140000,3675,Edwards,TwnhsE,6,5,2005,Y,1072,2,2,0,Basment,2006
160000,63887,Edwards,1Fam,10,5,2008,Y,5642,2,3,3,Attchd,2008
154000,7500,NAmes,1Fam,5,7,1959,Y,1246,1,3,0,Attchd,2010
225000,10762,Gilbert,1Fam,7,5,1999,Y,1983,2,3,1,Attchd,2009
177500,7500,Crawfor,1Fam,6,7,1942,Y,1494,1,3,2,Attchd,2009
290000,10120,NoRidge,1Fam,8,5,1994,Y,2526,2,4,1,Attchd,2006
232000,8688,Somerst,1Fam,7,5,2005,Y,1616,2,3,0,Attchd,2006
130000,3363,Edwards,TwnhsE,7,5,2004,Y,1708,2,3,0,Detchd,2006
325000,13173,NridgHt,1Fam,9,5,2006,Y,1652,2,2,2,Attchd,2009
202500,6955,NridgHt,TwnhsE,7,5,2005,Y,1368,2,2,1,Attchd,2006
138000,8072,CollgCr,1Fam,5,5,1994,Y,990,1,3,0,Detchd,2009
147000,12000,OldTown,1Fam,5,7,1948,Y,1122,1,2,0,Attchd,2008
179200,7153,SawyerW,1Fam,6,5,1991,Y,1294,2,3,0,Attchd,2008
335000,17500,Crawfor,1Fam,7,8,1959,Y,1902,2,3,2,Attchd,2010
203000,8814,CollgCr,1Fam,7,5,2005,Y,1274,2,3,0,Attchd,2007
302000,9572,NoRidge,1Fam,8,5,1990,Y,2810,2,4,1,Attchd,2007
333168,14774,NoRidge,1Fam,9,5,1999,Y,2599,2,4,1,BuiltIn,2010
119000,8190,Edwards,1Fam,4,6,1954,Y,948,1,3,1,Detchd,2007
206900,11075,NAmes,1Fam,6,5,1969,Y,2112,2,4,2,Attchd,2008
295493,10226,CollgCr,1Fam,8,5,2008,Y,1630,2,3,1,Attchd,2009
208900,4230,Somerst,TwnhsE,7,5,2006,Y,1352,2,2,1,Attchd,2007
275000,14781,CollgCr,1Fam,8,5,2001,Y,1787,2,3,1,Attchd,2006
111000,10215,Edwards,1Fam,4,5,1954,Y,948,1,3,0,Attchd,2007
156500,8400,NAmes,1Fam,6,3,1957,Y,1478,1,3,2,Attchd,2009
72500,6627,BrkSide,1Fam,3,6,1949,N,720,1,2,0,Detchd,2008
190000,10186,NoRidge,1Fam,7,5,1992,Y,1923,2,3,1,Attchd,2010
82500,5330,BrkSide,1Fam,4,7,1940,Y,708,1,2,0,,2009
147000,9986,Somerst,1Fam,8,5,2006,Y,1795,2,2,1,Attchd,2007
55000,3636,IDOTRR,1Fam,4,4,1922,N,796,1,2,0,,2008
79000,4270,Edwards,1Fam,3,6,1931,Y,774,1,3,0,,2007
130500,6600,Mitchel,1Fam,5,9,1982,Y,816,1,3,1,Attchd,2008
256000,10440,OldTown,1Fam,6,7,1920,Y,2792,2,5,2,Detchd,2008
176500,9084,Gilbert,1Fam,7,5,1998,Y,1632,2,3,1,Attchd,2006
227000,10000,Somerst,1Fam,8,5,2006,Y,1588,2,3,1,Attchd,2007
132500,10780,CollgCr,1Fam,5,5,1976,Y,954,1,3,0,Detchd,2006
100000,8877,Edwards,1Fam,4,6,1938,Y,816,1,2,1,Detchd,2009
125500,7200,IDOTRR,1Fam,5,6,1938,Y,1360,1,2,0,Detchd,2006
125000,2368,BrDale,TwnhsE,5,6,1970,Y,1365,1,3,0,Attchd,2009
167900,9650,NWAmes,1Fam,6,5,1977,Y,1334,2,2,1,Attchd,2009
135000,9246,NWAmes,Duplex,5,5,1973,Y,1656,2,4,0,Detchd,2008
52500,4118,OldTown,1Fam,4,4,1941,N,693,1,2,0,,2006
200000,13450,CollgCr,1Fam,7,5,2002,Y,1861,2,3,0,BuiltIn,2006
128500,9560,CollgCr,1Fam,5,7,1972,Y,864,1,3,0,Attchd,2006
123000,8294,NAmes,1Fam,4,5,1971,Y,872,1,3,0,Detchd,2007
155000,13695,SawyerW,1Fam,6,5,2003,Y,1114,1,3,0,Detchd,2008
228500,9375,CollgCr,1Fam,8,5,2002,Y,2169,2,3,1,Attchd,2007
177000,7558,Crawfor,1Fam,6,6,1928,Y,1913,1,3,1,Detchd,2009
155835,11103,CollgCr,1Fam,7,5,2006,Y,1456,2,3,1,Attchd,2007
108500,6000,OldTown,1Fam,4,4,1920,Y,960,1,2,0,Detchd,2007
262500,20781,NWAmes,1Fam,7,7,1968,Y,2156,2,3,1,Attchd,2006
283463,15306,Timber,1Fam,8,5,2006,Y,1776,2,3,1,Attchd,2007
215000,16196,SawyerW,1Fam,7,5,1998,Y,1494,2,3,1,Attchd,2007
122000,5250,OldTown,1Fam,8,5,1872,N,2358,2,4,0,,2008
200000,11643,NAmes,Duplex,5,5,1969,Y,2634,2,6,0,Detchd,2009
171000,9247,NAmes,1Fam,6,6,1962,Y,1716,1,4,1,Attchd,2008
134900,6000,BrkSide,1Fam,6,9,1937,Y,1176,1,2,0,Detchd,2009
410000,14720,NoRidge,1Fam,8,5,1995,Y,3238,2,4,1,Attchd,2010
235000,10316,CollgCr,1Fam,7,5,2000,Y,1865,2,3,1,Attchd,2008
170000,10192,NWAmes,1Fam,7,6,1968,Y,1920,3,4,1,Attchd,2006
110000,9477,NAmes,1Fam,5,5,1966,Y,892,1,3,0,Attchd,2008
149900,12537,NAmes,1Fam,5,6,1971,Y,1078,1,3,1,Attchd,2010
177500,2117,Somerst,Twnhs,6,5,2000,Y,1573,2,3,0,Detchd,2010
315000,16737,NridgHt,1Fam,9,5,2004,Y,1980,2,3,1,Attchd,2006
189000,9842,SWISU,1Fam,5,6,1921,Y,2601,3,4,0,BuiltIn,2008
260000,16158,StoneBr,1Fam,7,5,2005,Y,1530,2,3,1,Attchd,2009
104900,12513,NAmes,1Fam,4,4,1920,Y,1738,2,4,1,Attchd,2009
156932,8499,Gilbert,1Fam,6,5,2006,Y,1412,2,3,1,BuiltIn,2007
144152,3180,Somerst,TwnhsE,7,5,2005,Y,1200,2,2,0,Detchd,2006
216000,7500,Somerst,1Fam,7,5,2000,Y,1674,2,3,0,Attchd,2010
193000,9179,CollgCr,1Fam,7,5,1999,Y,1790,2,3,0,Attchd,2008
127000,2665,MeadowV,TwnhsE,5,6,1977,Y,1475,2,4,1,Attchd,2006
144000,4435,CollgCr,TwnhsE,6,5,2003,Y,848,1,1,0,Attchd,2009
232000,10635,CollgCr,1Fam,8,5,2003,Y,1668,2,3,1,Attchd,2010
105000,5400,OldTown,1Fam,4,6,1920,Y,1374,1,2,0,Detchd,2009
165500,9600,NAmes,1Fam,6,6,1955,Y,1661,1,3,1,BuiltIn,2008
274300,9750,CollgCr,1Fam,7,6,1998,Y,2097,2,3,1,Detchd,2006
466500,11400,NoRidge,1Fam,10,5,2001,Y,2633,2,2,2,Attchd,2007
250000,10625,Somerst,1Fam,7,5,2005,Y,1958,2,3,1,Attchd,2008
239000,10991,Timber,1Fam,8,5,2007,Y,1571,2,3,1,Attchd,2007
91000,6292,SWISU,1Fam,6,5,1930,N,790,1,2,0,Detchd,2008
117000,10998,Edwards,1Fam,5,5,1941,Y,1604,2,3,0,Detchd,2009
83000,1953,BrDale,Twnhs,6,5,1973,Y,987,1,2,0,Detchd,2006
167500,9735,Timber,1Fam,5,5,2006,Y,1394,2,3,0,BuiltIn,2008
58500,8212,Edwards,1Fam,3,3,1914,N,864,1,2,0,Detchd,2010
237500,12925,NAmes,1Fam,6,7,1970,Y,2117,2,4,2,Attchd,2008
157000,7200,OldTown,1Fam,7,7,1920,Y,1762,1,4,0,Detchd,2006
112000,25339,Sawyer,1Fam,5,7,1918,Y,1416,2,3,0,Attchd,2007
105000,9060,Edwards,1Fam,6,5,1939,Y,1258,1,2,0,Detchd,2009
125500,5436,IDOTRR,1Fam,4,8,1922,Y,1154,1,3,0,Detchd,2010
250000,16692,NWAmes,1Fam,7,5,1978,Y,2784,3,5,2,Attchd,2006
136000,8520,OldTown,1Fam,6,7,1916,N,2526,2,5,1,Detchd,2007
377500,14892,Gilbert,1Fam,9,5,2006,Y,1746,2,3,2,Attchd,2009
131000,6000,BrkSide,1Fam,6,6,1941,Y,1218,1,3,1,Detchd,2007
235000,9100,CollgCr,1Fam,7,5,2000,Y,1525,2,3,0,Attchd,2006
124000,8944,NAmes,Duplex,5,5,1967,Y,1584,2,4,0,Detchd,2009
123000,7838,NAmes,1Fam,5,5,1967,Y,900,1,3,1,Attchd,2006
163000,10800,OldTown,2fmCon,6,7,1905,N,1912,2,3,1,Detchd,2008
246578,4045,Blmngtn,TwnhsE,7,5,2006,Y,1500,2,2,1,Attchd,2006
281213,12665,Timber,1Fam,8,5,2005,Y,2482,2,4,1,BuiltIn,2007
160000,57200,Timber,1Fam,5,5,1948,Y,1687,1,3,2,Detchd,2010
137500,6120,BrkSide,1Fam,5,8,1920,Y,1513,1,4,0,Detchd,2007
138000,7200,NAmes,1Fam,5,4,1950,Y,1904,1,3,0,Attchd,2009
137450,6171,SWISU,1Fam,6,6,1925,Y,1608,2,3,1,Detchd,2009
120000,6000,BrkSide,1Fam,6,7,1929,Y,1158,1,3,1,BuiltIn,2008
193000,7415,Gilbert,1Fam,6,5,2004,Y,1593,2,3,1,Attchd,2008
193879,6762,CollgCr,1Fam,7,5,2006,Y,1294,2,2,1,Attchd,2006
282922,15256,Somerst,1Fam,8,5,2007,Y,1464,2,3,0,Attchd,2007
105000,10410,OldTown,1Fam,3,4,1915,Y,1214,1,3,0,Detchd,2006
275000,3842,Crawfor,TwnhsE,8,5,2004,Y,1646,2,2,1,Attchd,2008
133000,8445,CollgCr,1Fam,5,7,1972,Y,768,1,2,0,Detchd,2009
112000,8780,Mitchel,1Fam,5,5,1985,Y,833,1,3,0,,2009
125500,7740,OldTown,1Fam,4,7,1910,Y,1363,1,3,0,Detchd,2010
215000,20544,NWAmes,1Fam,7,6,1986,Y,2093,2,3,1,Attchd,2008
230000,12420,CollgCr,1Fam,7,5,2001,Y,1840,2,3,0,Attchd,2009
140000,9600,NAmes,1Fam,6,8,1950,Y,1668,1,3,0,Attchd,2009
90000,7200,NAmes,Duplex,4,5,1949,N,1040,2,2,0,Detchd,2009
257000,10994,SawyerW,1Fam,8,5,2005,Y,1844,2,2,1,Attchd,2009
207000,13053,BrkSide,1Fam,6,7,1923,Y,1848,1,4,1,Detchd,2008
175900,3635,Blmngtn,TwnhsE,7,5,2007,Y,1569,2,1,1,Attchd,2009
122500,11340,OldTown,2fmCon,4,6,1885,Y,2290,2,4,0,Detchd,2010
340000,16545,NoRidge,1Fam,8,5,1998,Y,2450,2,3,1,Attchd,2009
124000,9204,NAmes,1Fam,5,5,1963,Y,1144,1,3,0,Detchd,2008
223000,16381,Crawfor,1Fam,6,5,1969,Y,1844,2,3,1,Attchd,2006
179900,11700,NWAmes,1Fam,6,6,1968,Y,1416,2,3,1,Attchd,2006
127500,4043,NPkVill,TwnhsE,6,5,1977,Y,1069,2,2,1,Attchd,2010
136500,4435,CollgCr,TwnhsE,6,5,2003,Y,848,1,1,0,Attchd,2008
274970,19690,Edwards,1Fam,6,7,1966,Y,2201,2,4,1,Attchd,2006
144000,9503,NAmes,1Fam,5,5,1958,Y,1344,1,2,1,Detchd,2007
142000,10721,NAmes,1Fam,6,6,1959,Y,1252,1,3,0,Detchd,2008
271000,10944,NoRidge,1Fam,7,5,1994,Y,2127,2,3,2,Attchd,2008
140000,10930,NAmes,1Fam,5,6,1945,Y,1558,1,3,1,Attchd,2008
119000,7200,OldTown,1Fam,5,7,1940,Y,804,1,2,2,Attchd,2010
182900,12546,NWAmes,1Fam,6,7,1981,Y,1440,2,3,1,Attchd,2007
192140,21930,Gilbert,1Fam,5,5,2005,Y,1838,2,4,1,BuiltIn,2006
143750,4928,NPkVill,TwnhsE,6,6,1976,Y,958,2,2,0,Attchd,2009
64500,10800,OldTown,1Fam,4,6,1927,Y,968,2,4,0,Detchd,2007
186500,10261,Gilbert,1Fam,6,5,2000,Y,1792,2,3,1,Attchd,2008
160000,17400,Mitchel,1Fam,5,5,1977,Y,1126,2,3,1,Attchd,2006
174000,8400,NAmes,1Fam,6,9,1962,Y,1537,1,3,1,Attchd,2008
120500,9000,NAmes,1Fam,4,6,1971,Y,864,1,3,0,Detchd,2007
394617,12444,NridgHt,1Fam,8,5,2008,Y,1932,2,2,1,Attchd,2008
149700,7407,OldTown,1Fam,6,7,1957,Y,1236,1,2,0,Attchd,2010
197000,11584,NWAmes,1Fam,7,6,1979,Y,1725,2,3,1,Attchd,2007
191000,11526,Crawfor,1Fam,6,7,1922,Y,2555,2,3,1,Detchd,2008
149300,4426,CollgCr,TwnhsE,6,5,2004,Y,848,1,1,1,Attchd,2008
310000,11003,Somerst,1Fam,10,5,2008,Y,2007,2,3,1,Attchd,2009
121000,8854,BrkSide,1Fam,6,6,1916,N,952,1,2,1,Detchd,2009
179600,8500,CollgCr,1Fam,7,5,2004,Y,1422,2,3,0,Attchd,2007
129000,8400,Sawyer,1Fam,6,5,1966,Y,913,1,3,0,Detchd,2007
157900,26142,Mitchel,1Fam,5,7,1962,Y,1188,1,3,0,Attchd,2010
240000,10000,CollgCr,1Fam,8,5,1995,Y,2090,2,3,1,Attchd,2007
112000,11767,Edwards,1Fam,4,7,1910,N,1346,1,2,0,Detchd,2007
92000,1533,MeadowV,Twnhs,5,7,1970,Y,630,1,1,0,,2006
136000,9000,NAmes,Duplex,5,5,1974,Y,1792,2,4,0,,2009
287090,9262,Somerst,1Fam,8,5,2008,Y,1578,2,3,1,Attchd,2009
145000,3675,Edwards,TwnhsE,5,5,2005,Y,1072,1,2,0,Basment,2006
84500,17217,Mitchel,1Fam,5,5,2006,Y,1140,1,3,0,,2006
185000,7500,Somerst,1Fam,7,5,2004,Y,1221,2,2,0,Attchd,2009
175000,7917,Gilbert,1Fam,6,5,1999,Y,1647,2,3,1,Attchd,2007
210000,13175,NWAmes,1Fam,6,6,1978,Y,2073,2,3,2,Attchd,2010
266500,9042,Crawfor,1Fam,7,9,1941,Y,2340,2,4,2,Attchd,2010
142125,9717,NAmes,1Fam,5,6,1950,Y,1078,1,2,0,Attchd,2010
147500,9937,Edwards,1Fam,5,6,1965,Y,1256,1,3,0,Attchd,2008
